Temperature (C),Humidity
18.87777777777778,0.47
18.911111111111115,0.46
19.00555555555555,0.46
20.04444444444444,0.4
21.05,0.4
21.18333333333333,0.37
20.11666666666666,0.4
20.216666666666665,0.36
20,0.43
18.86111111111111,0.56
18.666666666666664,0.56
18.40555555555555,0.54
19.038888888888884,0.47
18.97777777777777,0.51
19.00555555555555,0.55
19.01111111111111,0.53
18.93888888888889,0.64
19.98333333333333,0.53
20.07222222222222,0.62
20.07222222222222,0.56
20.083333333333336,0.58
19.08888888888889,0.63
18.73333333333333,0.68
20.02777777777778,0.6
21.03888888888889,0.55
20.738888888888887,0.46
22.31666666666667,0.48
22.11111111111111,0.5
22.73333333333333,0.38
22.77777777777778,0.37
21.216666666666665,0.41
20.18333333333333,0.45
18.011111111111113,0.68
18.8,0.65
21.094444444444445,0.49
22.027777777777786,0.49
22.82777777777778,0.47
22.916666666666668,0.37
23.916666666666668,0.37
23.911111111111115,0.4
23.93333333333333,0.37
23.916666666666668,0.32
22.82222222222222,0.44
21.22777777777777,0.48
19.07777777777778,0.51
19.1,0.67
21.261111111111106,0.57
22.41111111111111,0.54
22.938888888888894,0.5
23.927777777777774,0.47
23.96111111111111,0.47
23.96111111111111,0.38
23.111111111111107,0.42
22.82222222222222,0.44
21.11111111111111,0.47
18.188888888888886,0.58
18.83888888888889,0.65
21.16111111111111,0.59
22.58888888888889,0.53
22.89444444444444,0.48
24.00555555555555,0.47
24.00555555555555,0.35
23.97777777777777,0.44
25.04444444444444,0.32
24.07777777777778,0.35
22.38333333333334,0.45
21.20555555555556,0.52
18.261111111111116,0.62
19.05555555555556,0.67
20.14444444444445,0.67
20.26111111111111,0.62
21.20555555555556,0.62
21.25555555555556,0.67
20.23333333333333,0.66
18.75,0.58
18.96111111111111,0.6
19.994444444444444,0.54
21.11111111111111,0.5
21.094444444444445,0.46
21.17777777777778,0.43
21.22777777777777,0.41
20.100000000000005,0.45
19.02777777777778,0.51
18.855555555555554,0.41
27.17222222222222,0.56
28.911111111111115,0.55
30.95555555555556,0.42
32.17222222222222,0.38
32.12777777777777,0.32
31.98333333333333,0.35
32.538888888888884,0.38
31.977777777777774,0.4
32.01111111111111,0.41
30.944444444444443,0.39
28.572222222222223,0.5
27.09444444444444,0.59
24.694444444444443,0.65
23.033333333333328,0.66
23.911111111111115,0.62
24.97777777777777,0.51
23.8,0.58
23.594444444444445,0.53
22.50555555555556,0.68
18.84444444444445,0.68
21.116666666666667,0.68
22.50555555555556,0.62
23.79444444444444,0.54
23.88888888888889,0.51
25.83333333333333,0.44
25.92777777777778,0.43
25,0.42
24.944444444444446,0.43
24.92777777777778,0.45
22.800000000000004,0.51
18.8,0.69
19.683333333333337,0.67
23.65555555555555,0.67
23.616666666666667,0.6
23.81666666666667,0.62
22.266666666666666,0.67
23.86666666666666,0.54
23.88888888888889,0.58
22.955555555555552,0.56
22.47777777777777,0.58
22.20555555555556,0.63
22.75,0.57
23.79444444444444,0.54
23.48333333333333,0.51
23.96111111111111,0.53
24.95,0.5
23.95555555555556,0.53
23.95555555555556,0.5
23.86111111111111,0.54
23.86666666666666,0.62
24.966666666666665,0.56
26.13333333333334,0.47
27.22222222222222,0.44
27.73888888888889,0.39
27.77777777777778,0.4
27.800000000000004,0.39
27.872222222222224,0.37
26.15555555555555,0.43
23.97777777777777,0.54
22.57222222222222,0.58
21.13888888888889,0.6
20.438888888888894,0.67
22.73333333333333,0.67
26.016666666666666,0.55
26.12777777777778,0.58
28.838888888888885,0.51
29.00555555555555,0.51
31.03333333333333,0.45
31.13333333333334,0.36
31.13333333333334,0.41
31.21111111111112,0.41
30.022222222222226,0.48
27.872222222222224,0.58
25.40555555555556,0.66
24.95,0.69
27.3,0.67
27.96666666666667,0.62
30.11666666666666,0.5
31.04444444444444,0.45
31.20555555555556,0.47
32.17222222222222,0.42
32.544444444444444,0.4
31.03888888888889,0.44
28.95555555555556,0.54
26.47777777777777,0.64
25.99444444444445,0.61
27.73333333333333,0.55
28.79444444444444,0.5
29.88333333333334,0.47
30.97222222222222,0.45
31.916666666666668,0.41
32.12777777777777,0.42
32.12777777777777,0.39
31.08333333333333,0.44
31.016666666666666,0.44
27.266666666666666,0.64
25.455555555555552,0.68
23.84444444444445,0.69
24.95555555555556,0.62
25.92222222222222,0.58
24.96111111111112,0.62
24.79444444444444,0.58
23.75555555555556,0.62
22.127777777777776,0.68
21.06111111111111,0.68
21.06666666666667,0.68
27.17777777777778,0.6
28.79444444444444,0.55
30.86111111111111,0.55
32.03888888888889,0.46
32.58888888888888,0.5
32.638888888888886,0.44
32.150000000000006,0.43
31.08333333333333,0.45
32.077777777777776,0.42
30.97222222222222,0.45
28.86111111111111,0.55
26.411111111111115,0.65
21.116666666666667,0.68
21.194444444444446,0.68
22.25,0.64
22.64444444444445,0.63
22.80555555555556,0.62
22.633333333333333,0.66
19.97777777777777,0.64
22.17777777777778,0.59
22.700000000000003,0.53
23.911111111111115,0.48
24.95,0.42
25.011111111111106,0.39
25.016666666666666,0.42
24.92777777777778,0.42
23.994444444444444,0.44
23.811111111111117,0.45
21.16111111111111,0.59
19.850000000000005,0.65
19.93333333333333,0.68
21.08333333333333,0.62
20.02777777777778,0.61
20.077777777777776,0.68
20.977777777777774,0.63
22.338888888888885,0.63
23.73333333333333,0.54
22.661111111111115,0.54
22.77777777777778,0.57
21.13888888888889,0.63
19.98888888888889,0.68
22.25,0.59
22.944444444444443,0.52
24.95555555555556,0.47
25.05,0.45
25.98333333333333,0.41
26.13333333333334,0.43
25.06666666666667,0.42
25.21111111111111,0.38
25.04444444444444,0.42
22.33333333333333,0.53
20.311111111111117,0.6
18.172222222222217,0.69
22.649999999999995,0.62
22.58888888888889,0.63
22.03888888888889,0.65
22.22222222222222,0.64
22.33333333333333,0.65
22.82777777777778,0.66
23.81666666666667,0.59
22.861111111111114,0.62
22.700000000000003,0.66
22.016666666666666,0.65
21.03888888888889,0.64
22.2,0.59
22.77777777777778,0.51
23.88888888888889,0.48
24.81111111111111,0.45
24.92777777777778,0.45
24.92777777777778,0.42
24.87222222222222,0.42
23.83888888888889,0.45
22.17222222222222,0.55
18.46111111111112,0.69
21,0.63
22.666666666666668,0.57
23.666666666666664,0.51
24.93333333333333,0.45
24.86111111111111,0.46
24.838888888888885,0.42
25,0.45
26.11111111111111,0.39
25.91111111111111,0.4
23.88888888888889,0.48
21.11111111111111,0.59
20.91666666666667,0.67
21.06111111111111,0.63
21.11111111111111,0.63
21.21111111111112,0.61
20.07222222222222,0.67
18.772222222222226,0.53
19.899999999999995,0.49
19.95,0.45
19.105555555555554,0.46
18.93333333333333,0.43
22.25555555555556,0.68
22.68333333333333,0.67
24.78888888888889,0.59
24.87777777777778,0.64
24.88333333333334,0.64
24.83333333333333,0.65
22.266666666666666,0.59
22.5,0.55
21.22777777777777,0.62
21.105555555555554,0.67
19.90555555555555,0.69
21.016666666666666,0.64
22.03888888888889,0.64
22.10555555555556,0.56
23.744444444444444,0.55
24.59444444444444,0.54
22.649999999999995,0.54
23.75,0.51
23.772222222222226,0.5
22.24444444444445,0.59
22.10555555555556,0.64
22.05,0.65
22.17222222222222,0.64
23.66111111111111,0.59
22.2,0.6
21.966666666666672,0.61
21.9,0.61
22.62222222222222,0.67
22.16111111111111,0.68
22.2,0.68
22.75555555555555,0.66
22.188888888888886,0.68
22.08333333333333,0.65
21.13888888888889,0.68
21.994444444444447,0.69
22.272222222222226,0.68
23.899999999999995,0.61
24.97777777777777,0.54
24.97777777777777,0.54
25.95,0.47
24.97777777777777,0.47
23.88888888888889,0.5
21.25555555555556,0.59
25.97222222222222,0.51
27.15555555555555,0.45
27.73333333333333,0.49
28.86666666666666,0.41
29.90555555555555,0.38
30.80555555555556,0.36
31.06666666666667,0.36
32.03333333333333,0.34
30.86111111111111,0.36
30.92777777777778,0.35
28.911111111111115,0.44
26.33888888888889,0.57
25.07222222222222,0.64
27.266666666666666,0.56
27.811111111111117,0.55
28.95555555555556,0.46
30.04444444444444,0.37
30.9,0.41
30.11666666666666,0.37
31.08333333333333,0.33
30.944444444444443,0.34
29.04444444444444,0.43
28.89444444444445,0.41
27.25,0.51
23.81666666666667,0.63
22.71111111111111,0.67
24.566666666666663,0.64
27.061111111111103,0.49
27.75555555555555,0.47
29.61111111111111,0.42
28.96111111111111,0.43
30,0.35
30.98333333333333,0.33
31.933333333333337,0.31
29.97222222222222,0.37
27.27777777777777,0.51
27.494444444444444,0.47
27.00555555555556,0.55
24.09444444444445,0.66
23.772222222222226,0.63
25.92777777777778,0.59
26.15555555555555,0.59
27.24444444444445,0.54
28.81666666666667,0.44
29.827777777777776,0.41
30.95,0.36
30.97222222222222,0.36
30.577777777777783,0.36
29.86111111111111,0.36
28.661111111111115,0.4
24.93333333333333,0.69
27.15555555555555,0.56
28.661111111111115,0.47
28.81666666666667,0.46
30.95,0.39
29.78333333333333,0.44
30.99444444444445,0.41
31.016666666666666,0.39
30.83888888888889,0.37
29.90555555555555,0.41
28.79444444444444,0.44
24.98888888888889,0.59
21.06666666666667,0.69
22.45,0.56
22.73333333333333,0.58
24.88333333333334,0.46
25.80555555555556,0.44
26.03888888888889,0.4
27.127777777777776,0.4
26.17777777777778,0.42
27.71111111111111,0.35
27.15,0.33
26.14444444444445,0.37
25.022222222222226,0.39
25.022222222222226,0.36
22.922222222222224,0.48
22.08333333333333,0.49
21.994444444444447,0.41
20.78333333333333,0.5
19.283333333333328,0.53
20.627777777777776,0.5
22.08333333333333,0.43
22.71111111111111,0.38
22.33333333333333,0.36
22.75555555555555,0.38
24.88333333333334,0.32
23.950000000000003,0.32
24.90555555555555,0.31
24.422222222222217,0.3
23.93888888888889,0.34
22.800000000000004,0.34
21.25,0.38
20.133333333333333,0.42
18.88888888888889,0.48
18.79444444444444,0.46
18.47222222222222,0.51
22.066666666666663,0.44
22.661111111111115,0.38
24.633333333333336,0.34
25.95,0.29
26.016666666666666,0.29
25.90555555555555,0.29
27.08333333333333,0.27
26.06666666666667,0.28
25.977777777777774,0.29
25.022222222222226,0.3
23.95555555555556,0.34
21.51666666666667,0.42
20.694444444444443,0.58
22.75555555555555,0.51
26.06111111111111,0.31
25.9,0.32
27.2,0.29
27.2,0.29
27.649999999999995,0.29
27.77777777777778,0.28
27.85,0.28
27.872222222222224,0.29
27.77777777777778,0.31
27.24444444444445,0.32
24.294444444444448,0.44
20.161111111111115,0.61
18.433333333333337,0.68
22.694444444444443,0.58
26.04444444444444,0.45
27.77777777777778,0.38
28.72222222222222,0.37
30,0.34
31.061111111111103,0.32
30.92777777777778,0.33
32.17222222222222,0.28
31.161111111111115,0.29
32.03888888888889,0.29
31.11111111111111,0.29
30,0.34
26.45555555555556,0.46
22.927777777777774,0.57
22.350000000000005,0.59
20.6,0.68
22.22222222222222,0.68
25.761111111111116,0.53
28.811111111111117,0.37
29.95,0.37
30.89444444444445,0.35
32.22222222222222,0.33
32.2,0.33
32.68333333333333,0.3
32.82777777777778,0.32
32.82777777777778,0.32
32.80555555555556,0.32
32.75555555555555,0.29
32.22222222222222,0.33
28.216666666666672,0.48
25.02777777777778,0.62
24.98888888888889,0.68
27.80555555555556,0.59
30.11666666666666,0.48
31.99444444444445,0.36
32.77777777777778,0.34
33.86666666666666,0.3
32.794444444444444,0.37
33.794444444444444,0.32
33.83888888888888,0.32
32.888888888888886,0.33
32.800000000000004,0.37
31.22777777777777,0.45
28.277777777777786,0.56
26.13888888888889,0.65
27.338888888888885,0.64
30.07222222222222,0.51
31.011111111111106,0.45
32.28888888888889,0.41
32.849999999999994,0.34
32.794444444444444,0.33
33.888888888888886,0.35
33.888888888888886,0.3
33.861111111111114,0.35
32.727777777777774,0.37
31.00555555555556,0.44
25.46666666666667,0.61
26.25,0.64
26.544444444444444,0.63
28.05555555555556,0.62
29.188888888888894,0.58
31.23888888888889,0.49
32.266666666666666,0.45
31.03888888888889,0.48
30.08333333333333,0.47
28.811111111111117,0.6
27.227777777777774,0.65
28.938888888888894,0.59
31.016666666666666,0.52
31.18333333333333,0.51
32.22222222222222,0.49
32.88333333333333,0.41
32.849999999999994,0.4
27.68333333333333,0.59
28.68333333333333,0.59
25.06666666666667,0.69
23.899999999999995,0.69
27.10555555555556,0.61
28.81666666666667,0.47
30.822222222222223,0.43
31.13333333333334,0.41
32.17222222222222,0.42
32.23333333333333,0.41
32.70555555555556,0.38
32.17222222222222,0.39
31.922222222222217,0.34
32.02777777777778,0.37
27.90555555555556,0.53
26.48888888888889,0.64
27.127777777777776,0.69
28.838888888888885,0.6
30.02777777777778,0.58
31.08333333333333,0.48
32.12777777777777,0.43
32.550000000000004,0.41
32.488888888888894,0.42
32.733333333333334,0.4
32.488888888888894,0.39
32.19444444444444,0.39
31.08333333333333,0.44
27.366666666666667,0.64
26.59444444444445,0.64
28.79444444444444,0.47
30.00555555555556,0.44
31.966666666666672,0.36
32.17777777777778,0.34
32.80555555555556,0.37
32.55555555555556,0.35
32.05,0.37
32.611111111111114,0.38
32.08888888888889,0.38
31.061111111111103,0.48
28.98333333333333,0.55
27.5,0.67
26.755555555555556,0.63
28.71111111111112,0.56
30.95555555555556,0.45
31.988888888888887,0.37
32.22222222222222,0.34
32.77777777777778,0.37
32.38333333333334,0.35
32.75,0.33
32.82222222222222,0.32
32.87777777777778,0.32
32.23888888888889,0.34
32.099999999999994,0.34
27.58888888888889,0.58
27.011111111111116,0.56
24.838888888888885,0.68
25.794444444444448,0.66
27.73333333333333,0.63
30.050000000000004,0.51
31.04444444444444,0.47
32.24444444444445,0.38
32.77777777777778,0.37
32.83888888888889,0.35
33.83888888888888,0.33
32.800000000000004,0.37
32.83888888888889,0.35
32.70555555555556,0.35
29.90555555555555,0.49
27.42777777777778,0.59
22.17777777777778,0.68
22.68888888888889,0.67
22.63888888888889,0.66
26.15555555555555,0.69
27.266666666666666,0.65
27.89444444444444,0.62
28.811111111111117,0.51
27.82222222222222,0.59
28.744444444444444,0.52
26.266666666666666,0.68
26.149999999999995,0.65
26.16111111111111,0.68
27.85,0.62
28.86666666666666,0.51
31.03888888888889,0.39
31.08333333333333,0.38
31.077777777777776,0.38
31.061111111111103,0.38
31.15555555555555,0.38
31.794444444444448,0.35
31.03888888888889,0.36
28.883333333333333,0.49
26.383333333333333,0.62
20.705555555555552,0.58
21.116666666666667,0.54
22.2,0.49
22.76111111111111,0.47
23.35555555555556,0.47
24.97777777777777,0.4
25.00555555555556,0.42
26.088888888888885,0.37
26.088888888888885,0.37
26,0.4
26.03888888888889,0.42
24.80555555555556,0.48
21.51666666666667,0.65
21.822222222222223,0.66
23.86666666666666,0.54
26.016666666666666,0.47
26.06111111111111,0.36
27.15,0.37
27.68888888888889,0.35
27.71111111111111,0.33
27.77777777777778,0.31
27.73333333333333,0.32
27.40555555555555,0.34
27.24444444444445,0.32
27.24444444444445,0.37
23.42777777777778,0.51
20.09444444444445,0.68
25.02777777777778,0.58
27.22222222222222,0.47
27.31666666666667,0.41
27.82777777777778,0.43
28.86666666666666,0.37
29.866666666666667,0.34
28.96111111111111,0.36
28.911111111111115,0.33
29.8,0.34
28.911111111111115,0.36
27.800000000000004,0.43
25.38888888888889,0.48
22.24444444444445,0.64
23.50555555555556,0.64
26.022222222222226,0.54
26.20555555555556,0.52
28.772222222222226,0.41
29.97777777777777,0.34
30.050000000000004,0.32
30.95,0.33
31.11111111111111,0.33
31.11111111111111,0.29
31.022222222222226,0.28
31.11111111111111,0.33
27.916666666666668,0.4
25.288888888888884,0.5
22.800000000000004,0.58
22.68888888888889,0.57
22.43333333333333,0.6
21.46111111111111,0.66
22.022222222222226,0.69
23.62777777777778,0.63
24.98333333333333,0.55
27.15555555555555,0.48
27.677777777777774,0.47
28.88888888888889,0.41
29.95,0.4
29.93333333333333,0.4
31.016666666666666,0.36
31.11111111111111,0.35
31.016666666666666,0.35
26.06666666666667,0.6
27.84444444444445,0.54
28.88888888888889,0.46
30,0.4
30.07222222222222,0.37
29.694444444444443,0.38
29.850000000000005,0.36
27.38333333333334,0.51
22.772222222222226,0.66
18.89444444444445,0.67
19.80555555555556,0.63
20.02777777777778,0.63
21.094444444444445,0.63
21.05555555555556,0.62
22.17777777777778,0.5
20.07222222222222,0.67
21.02777777777777,0.64
22.2,0.59
22.788888888888884,0.55
23.81666666666667,0.53
23.79444444444444,0.5
23.905555555555555,0.47
25,0.49
24.00555555555555,0.53
23.98888888888889,0.44
22.89444444444444,0.48
21.29444444444444,0.62
20.38888888888889,0.61
18.649999999999995,0.66
19.93333333333333,0.61
21.04444444444444,0.47
21.22222222222222,0.49
22.24444444444445,0.49
22.77777777777778,0.44
22.794444444444444,0.47
22.800000000000004,0.5
23.83888888888889,0.5
22.938888888888894,0.41
22.22222222222222,0.46
21.2,0.52
18.311111111111103,0.66
19.97222222222222,0.61
20.08888888888889,0.61
20.32777777777778,0.6
21.25,0.56
19.21111111111111,0.66
20.55555555555556,0.6
22.68888888888889,0.48
22.84444444444445,0.48
22.37777777777778,0.45
22.33333333333333,0.39
21.25,0.52
20.07222222222222,0.67
22.2,0.55
22.64444444444445,0.53
22.872222222222224,0.5
23.98333333333333,0.45
24.038888888888884,0.44
25.07222222222222,0.42
25.09444444444445,0.45
25.161111111111115,0.45
24.14444444444444,0.47
23.005555555555556,0.56
22.68333333333333,0.63
20.11666666666666,0.63
23.93888888888889,0.58
26.088888888888885,0.42
27.027777777777786,0.38
27.266666666666666,0.39
27.800000000000004,0.32
27.78333333333333,0.37
28.88888888888889,0.33
28.911111111111115,0.37
28.827777777777776,0.37
27.872222222222224,0.38
27.28888888888889,0.47
23.111111111111107,0.62
22.700000000000003,0.66
25.02777777777778,0.58
27.2,0.56
27.72777777777777,0.48
28.88888888888889,0.48
29.00555555555555,0.43
29.994444444444444,0.4
30.07222222222222,0.35
30.07222222222222,0.4
30.050000000000004,0.36
28.95555555555556,0.46
27.28888888888889,0.64
25.46111111111111,0.65
25.427777777777774,0.69
25.827777777777776,0.61
27.027777777777786,0.65
27.77777777777778,0.55
28.86666666666666,0.55
28.97222222222222,0.49
29.90555555555555,0.49
29.95,0.49
28.200000000000003,0.6
27.89444444444444,0.58
27.82222222222222,0.66
25.777777777777786,0.65
27.15555555555555,0.48
27.2,0.48
28.72222222222222,0.47
28.86666666666666,0.49
30.00555555555556,0.48
30.05555555555556,0.5
31.06666666666667,0.46
31.161111111111115,0.48
31.08333333333333,0.48
30.09444444444445,0.58
27.98333333333333,0.66
26.71666666666667,0.66
24.75555555555556,0.69
27.666666666666668,0.64
29.77777777777778,0.63
29.811111111111103,0.55
28.98333333333333,0.62
28.033333333333328,0.62
31.172222222222224,0.48
30.13888888888889,0.5
31.11111111111111,0.45
29.761111111111106,0.47
30.022222222222226,0.51
27.794444444444444,0.59
24.48333333333333,0.67
26.22777777777777,0.65
27.28333333333333,0.57
27.916666666666668,0.55
29.02777777777778,0.51
30.00555555555556,0.5
30.13888888888889,0.51
31.105555555555554,0.45
30.194444444444443,0.47
29.00555555555555,0.55
27.40555555555555,0.6
26.48333333333333,0.64
25.022222222222226,0.69
24.938888888888886,0.69
27.2,0.61
27.85,0.55
28.95555555555556,0.54
29.02777777777778,0.55
30.09444444444445,0.48
31.061111111111103,0.51
31.18333333333333,0.44
31.20555555555556,0.41
31.244444444444444,0.46
30.04444444444444,0.48
27.866666666666664,0.55
26.34444444444445,0.63
26.20555555555556,0.68
26.32222222222222,0.64
26.25,0.61
27.89444444444444,0.58
27.938888888888894,0.55
27.883333333333333,0.59
27.600000000000005,0.63
24.89444444444445,0.65
26.15555555555555,0.68
26.25,0.68
27.3,0.59
27.800000000000004,0.59
27.82222222222222,0.66
27.84444444444445,0.61
27.28888888888889,0.64
26.2,0.68
26.06111111111111,0.69
27.194444444444443,0.69
27.83333333333333,0.62
27.84444444444445,0.63
28.95555555555556,0.58
29.105555555555554,0.63
29.09444444444445,0.58
31.105555555555554,0.45
30.944444444444443,0.51
29.95,0.55
28.86666666666666,0.63
27.24444444444445,0.65
28.938888888888894,0.59
29.994444444444444,0.54
31.13333333333334,0.52
32.2,0.45
32.21111111111112,0.41
32.28888888888889,0.42
32.28888888888889,0.41
32.294444444444444,0.42
32.24444444444445,0.45
30.11666666666666,0.55
28.127777777777776,0.65
30.07222222222222,0.62
31.22222222222222,0.51
32.28888888888889,0.45
32.87222222222223,0.4
33.93333333333333,0.38
33.983333333333334,0.44
34.00555555555555,0.44
33.07777777777778,0.39
32.31111111,0.45
31.266666666666666,0.51
29.34444444444444,0.6
24.97777777777777,0.69
27.15,0.61
27.88888888888889,0.62
28.911111111111115,0.63
31.11111111111111,0.58
31.188888888888886,0.5
32.150000000000006,0.49
32.19444444444444,0.49
31.37777777777778,0.5
31.127777777777776,0.52
28.90555555555555,0.59
28.033333333333328,0.62
27.75555555555555,0.67
28.883333333333333,0.56
30.050000000000004,0.55
31.08333333333333,0.46
31.061111111111103,0.46
28.616666666666667,0.58
25.738888888888887,0.66
18.88888888888889,0.47
18.899999999999995,0.53
19.86111111111111,0.49
18.79444444444444,0.49
19.97777777777777,0.52
19.105555555555554,0.5
20.07222222222222,0.44
20.11666666666666,0.4
20.98333333333333,0.45
20.13888888888889,0.45
18.96111111111111,0.55
18.833333333333336,0.46
18.88888888888889,0.43
18.96111111111111,0.6
20,0.52
20.86111111111111,0.52
21.18333333333333,0.48
21.15555555555555,0.42
21.08333333333333,0.44
18.81666666666667,0.52
18.86111111111111,0.52
18.916666666666668,0.51
18.905555555555555,0.48
18.966666666666665,0.52
18.86111111111111,0.52
19.88333333333334,0.49
20.09444444444445,0.35
20.09444444444445,0.4
21.14444444444445,0.32
21.22777777777777,0.32
20.822222222222223,0.36
20.91666666666667,0.38
21.20555555555556,0.48
21.22777777777777,0.4
22.188888888888886,0.41
22.872222222222224,0.32
22.33333333333333,0.38
22.272222222222226,0.3
21.25,0.47
18.14444444444444,0.51
20.11666666666666,0.59
22.194444444444443,0.41
22.82777777777778,0.37
22.938888888888894,0.34
23.044444444444448,0.29
22.96111111111111,0.37
24.00555555555555,0.32
23.111111111111107,0.33
21.36111111111111,0.35
19.21111111111111,0.43
18.81666666666667,0.65
21.016666666666666,0.57
20.222222222222225,0.53
21.25,0.49
22.80555555555556,0.52
23.81666666666667,0.41
23.86111111111111,0.39
22.633333333333333,0.42
20.6,0.61
18.911111111111115,0.67
20,0.67
19.97777777777777,0.61
21.22777777777777,0.53
21.20555555555556,0.53
21.21111111111112,0.52
20.161111111111115,0.53
19.09444444444445,0.6
21.04444444444444,0.59
21.16111111111111,0.59
22.194444444444443,0.49
22.800000000000004,0.44
23.911111111111115,0.41
23.922222222222224,0.38
24.00555555555555,0.41
24.00555555555555,0.38
24.116666666666664,0.4
22.916666666666668,0.47
21.29444444444444,0.52
19.616666666666667,0.54
19.83333333333333,0.68
19.97222222222222,0.68
19.95,0.63
21,0.5
22.24444444444445,0.49
22.77777777777778,0.44
23.744444444444444,0.42
23.911111111111115,0.48
22.98333333333333,0.44
23.10555555555556,0.49
22.916666666666668,0.52
21.38888888888889,0.56
19.60555555555556,0.62
18.911111111111115,0.69
22.15,0.68
22.87777777777778,0.61
22.78333333333333,0.57
21.20555555555556,0.63
21.25555555555556,0.59
20.99444444444445,0.6
19.855555555555554,0.62
19.850000000000005,0.62
21,0.63
22.08333333333333,0.5
22.68333333333333,0.53
22.75555555555555,0.57
23.81666666666667,0.54
23.994444444444444,0.5
22.800000000000004,0.53
22.17222222222222,0.67
21.32222222222222,0.62
21.100000000000005,0.57
22.30555555555556,0.52
21.03333333333333,0.47
20.98888888888889,0.42
20.4,0.45
19.95,0.5
18.694444444444446,0.67
21.04444444444444,0.63
22.2,0.55
23.766666666666666,0.54
26.03888888888889,0.47
26.13333333333334,0.47
27.116666666666667,0.41
27.75555555555555,0.43
27.82222222222222,0.43
27.422222222222224,0.43
27.28888888888889,0.41
25.13888888888889,0.49
23.216666666666672,0.57
20.18333333333333,0.67
19.97777777777777,0.68
22.672222222222224,0.66
23.83888888888889,0.58
25.92222222222222,0.5
26.15555555555555,0.47
27.661111111111115,0.49
27.77777777777778,0.36
28.95555555555556,0.39
28.86111111111111,0.36
30.944444444444443,0.33
30.04444444444444,0.35
28.811111111111117,0.37
27.677777777777774,0.62
23.55,0.66
22.17222222222222,0.66
21.350000000000005,0.67
20.883333333333336,0.68
22.016666666666666,0.67
21.966666666666672,0.68
22.47222222222222,0.66
23.09444444444444,0.61
21.944444444444443,0.68
18.744444444444444,0.6
18.96111111111111,0.63
20.07222222222222,0.52
19.183333333333334,0.47
21.11111111111111,0.42
20.11666666666666,0.48
19.366666666666667,0.46
20.04444444444444,0.45
19.95,0.57
20.00555555555556,0.53
20.061111111111117,0.53
20.155555555555555,0.6
22.116666666666667,0.44
21.22222222222222,0.56
22.261111111111106,0.49
22.29444444444444,0.47
22.17222222222222,0.54
20.08888888888889,0.6
18.322222222222223,0.66
18.79444444444444,0.69
19.92777777777778,0.63
21.90555555555556,0.61
22.194444444444443,0.53
22.194444444444443,0.55
22.39444444444445,0.53
22.73333333333333,0.53
22.24444444444445,0.55
22.438888888888886,0.51
21.17777777777778,0.53
20.11111111111111,0.57
18.22222222222222,0.67
19.97222222222222,0.69
22.633333333333333,0.67
24.80555555555556,0.57
25.91666666666667,0.51
24.96111111111112,0.51
25.311111111111117,0.49
22.82777777777778,0.65
22.05,0.6
18.88888888888889,0.45
20.04444444444444,0.37
21.17777777777778,0.32
20.27777777777778,0.3
19.21111111111111,0.39
20.18333333333333,0.36
19.33888888888889,0.31
18.666666666666664,0.61
18.688888888888886,0.61
18.67777777777778,0.5
18.572222222222223,0.5
18.73333333333333,0.57
19.95555555555556,0.53
20.02777777777778,0.46
21.072222222222223,0.51
21.16111111111111,0.46
22.17777777777778,0.36
21.21111111111112,0.41
21.18333333333333,0.42
19.00555555555555,0.52
18.81666666666667,0.48
18.716666666666665,0.48
18.883333333333333,0.52
18.666666666666664,0.49
22.73333333333333,0.57
23.93888888888889,0.54
25.05,0.5
25.95555555555556,0.42
25.04444444444444,0.47
26.06111111111111,0.44
24.105555555555554,0.49
22.266666666666666,0.59
19.92777777777778,0.63
18.81666666666667,0.55
20.022222222222226,0.5
21.08333333333333,0.42
21.15555555555555,0.42
22.22222222222222,0.39
21,0.43
18.72777777777777,0.56
19.97777777777777,0.49
21.088888888888885,0.49
21.12777777777778,0.45
21.15555555555555,0.46
21.105555555555554,0.49
20.055555555555557,0.52
18.88888888888889,0.48
20,0.45
20.51666666666667,0.43
20.18888888888889,0.44
19.62222222222222,0.45
18.916666666666668,0.47
19.89444444444445,0.44
19.511111111111116,0.43
18.95555555555556,0.47
18.83888888888889,0.49
18.86111111111111,0.47
19.74444444444445,0.45
18.93333333333333,0.44
18.86111111111111,0.47
18.905555555555555,0.51
18.911111111111115,0.52
18.98333333333333,0.52
22.10555555555556,0.68
23.53888888888889,0.62
23.96111111111111,0.62
24.92777777777778,0.54
24.78888888888889,0.55
23.98333333333333,0.58
23.98333333333333,0.58
22.96666666666667,0.62
21.22777777777777,0.68
18.79444444444444,0.41
21.06666666666667,0.33
22.14444444444445,0.32
22.15,0.34
22.08333333333333,0.36
20.166666666666668,0.4
22.22222222222222,0.63
22.800000000000004,0.57
23.7,0.48
23.79444444444444,0.45
22.75555555555555,0.48
22.16666666666667,0.49
18.005555555555553,0.65
20.077777777777776,0.63
22.28333333333333,0.55
23.688888888888886,0.51
22.15555555555555,0.55
22.03333333333333,0.56
22.677777777777774,0.54
22.00555555555556,0.6
21.14444444444445,0.63
19.81111111111111,0.69
18.71111111111112,0.58
19.98333333333333,0.49
19.95,0.46
19.95,0.46
18.205555555555552,0.53
18.688888888888886,0.53
20.99444444444445,0.43
22.127777777777776,0.39
22.25555555555556,0.37
22.24444444444445,0.38
22.2,0.39
20.25,0.44
18.65555555555555,0.57
20.99444444444445,0.53
22.10555555555556,0.49
22.40555555555555,0.51
22.68333333333333,0.49
22.127777777777776,0.49
20.30555555555556,0.55
19.7,0.65
22.08333333333333,0.54
22.10555555555556,0.5
21.116666666666667,0.53
18.883333333333333,0.65
18.86111111111111,0.62
18.005555555555553,0.65
23.68333333333333,0.55
24.67222222222222,0.48
24.97777777777777,0.47
27.127777777777776,0.42
27.50555555555556,0.41
27.73333333333333,0.39
27.24444444444445,0.41
27.11111111111111,0.39
24.00555555555555,0.5
21.25,0.62
21.327777777777776,0.62
21,0.6
19.95555555555556,0.66
19.361111111111107,0.68
19.88888888888889,0.64
21.088888888888885,0.59
22.76666666666667,0.57
22.661111111111115,0.57
22.600000000000005,0.62
23.922222222222224,0.53
24.65555555555555,0.5
23.522222222222226,0.48
21.116666666666667,0.54
18.377777777777776,0.6
18.95555555555556,0.47
18.96111111111111,0.43
18.93333333333333,0.43
18.93888888888889,0.42
18.98333333333333,0.55
19.066666666666663,0.5
20.11666666666666,0.4
20.04444444444444,0.44
19.1,0.46
18.81666666666667,0.65
18.972222222222225,0.62
18.88888888888889,0.56
18.83888888888889,0.61
18.883333333333333,0.52
20.022222222222226,0.44
20.08888888888889,0.44
21.08333333333333,0.41
21.11111111111111,0.42
19.13888888888889,0.47
26.05,0.59
27.68888888888889,0.5
28.561111111111103,0.54
28.81666666666667,0.49
28.86666666666666,0.46
29.827777777777776,0.47
30.07222222222222,0.46
31.06666666666667,0.44
30.86111111111111,0.44
29.95,0.46
28.811111111111117,0.59
18.883333333333333,0.56
20,0.46
20.05,0.57
20.100000000000005,0.48
21.06111111111111,0.46
21.15555555555555,0.46
20.25,0.51
19.466666666666672,0.52
18.35555555555556,0.61
18.911111111111115,0.48
20.966666666666665,0.39
22.194444444444443,0.36
22.22222222222222,0.52
22.811111111111117,0.47
23.86111111111111,0.44
22.77777777777778,0.48
22.800000000000004,0.49
22.17222222222222,0.49
18.811111111111117,0.61
19.95,0.61
22.044444444444448,0.49
22.75,0.41
23.83888888888889,0.38
23.87777777777778,0.36
23.98333333333333,0.36
24.97222222222222,0.33
23.86666666666666,0.34
22.75,0.39
19.922222222222224,0.5
22.10555555555556,0.46
22.75,0.38
23.93888888888889,0.34
23.883333333333333,0.36
24.938888888888886,0.32
24.07222222222222,0.36
23.95555555555556,0.36
23.96111111111111,0.34
22.28888888888889,0.39
18.883333333333333,0.52
18.88888888888889,0.61
22.22222222222222,0.46
22.80555555555556,0.41
23.96111111111111,0.36
25.07222222222222,0.32
25.077777777777776,0.32
25.07222222222222,0.33
26.06111111111111,0.3
24.938888888888886,0.33
22.866666666666664,0.38
20.016666666666666,0.45
18.87222222222222,0.53
18.71111111111112,0.53
19.95,0.53
23.588888888888885,0.45
23.88888888888889,0.41
26.06111111111111,0.36
26.14444444444445,0.32
27.194444444444443,0.34
26.15555555555555,0.34
25.511111111111116,0.37
24.02777777777778,0.38
22.127777777777776,0.44
19.87777777777778,0.54
18.75,0.57
18.72222222222222,0.53
20.95,0.5
22.56666666666667,0.42
23.911111111111115,0.36
25.05,0.39
25.083333333333336,0.36
25.05,0.39
25,0.36
24.133333333333333,0.4
22.77777777777778,0.48
21.12777777777778,0.53
22.044444444444448,0.47
20.97222222222222,0.54
20.34444444444445,0.56
19.59444444444444,0.57
19.188888888888894,0.62
18.1,0.66
18.81666666666667,0.65
21.877777777777776,0.54
22.61111111111111,0.48
23.79444444444444,0.42
23.905555555555555,0.41
25.944444444444443,0.39
26.08333333333333,0.39
26.011111111111106,0.42
24.95,0.42
23.83888888888889,0.48
22.22222222222222,0.53
21.02777777777777,0.53
21.03888888888889,0.49
20.372222222222224,0.49
19.93333333333333,0.51
19.283333333333328,0.55
18.75,0.57
18.88888888888889,0.53
20,0.57
22.17777777777778,0.53
21.116666666666667,0.59
22.3,0.55
20.177777777777774,0.67
22.17777777777778,0.6
23.88888888888889,0.54
22.82777777777778,0.53
22.76111111111111,0.53
22.22222222222222,0.53
21.13333333333334,0.59
20.011111111111106,0.68
20.977777777777774,0.64
22.422222222222224,0.55
23.75,0.55
23.88888888888889,0.5
24.73333333333333,0.46
23.88888888888889,0.48
23.88888888888889,0.48
22.861111111111114,0.53
22.10555555555556,0.56
20.95,0.61
21.04444444444444,0.63
22.516666666666666,0.56
22.872222222222224,0.53
23.83888888888889,0.5
23.966666666666665,0.48
25.00555555555556,0.45
23.98333333333333,0.53
23.850000000000005,0.5
22.338888888888885,0.67
21.06111111111111,0.68
22.08333333333333,0.69
22.2,0.67
22.77777777777778,0.62
23.788888888888884,0.54
23.88888888888889,0.5
23.83888888888889,0.5
23.761111111111106,0.49
22.1,0.54
18.83888888888889,0.69
18.73333333333333,0.57
19.72222222222222,0.57
22.03888888888889,0.46
22.15,0.46
22.59444444444445,0.39
22.75555555555555,0.37
22.68333333333333,0.35
22.061111111111103,0.35
19.92777777777778,0.41
18.766666666666666,0.61
21.04444444444444,0.53
22.133333333333336,0.49
22.08888888888889,0.49
22.80555555555556,0.45
22.80555555555556,0.44
22.600000000000005,0.48
21.18333333333333,0.53
20.78333333333333,0.6
22.29444444444444,0.53
22.85,0.51
23.8,0.45
23.916666666666668,0.48
23.86111111111111,0.45
23.811111111111117,0.45
22.194444444444443,0.53
18.766666666666666,0.66
19.97222222222222,0.68
22.03333333333333,0.59
23.88888888888889,0.48
24.97777777777777,0.45
25.866666666666667,0.4
26.088888888888885,0.37
26.088888888888885,0.36
25.03333333333333,0.39
22.800000000000004,0.48
20.85,0.54
19.5,0.6
18.56666666666667,0.63
18.72222222222222,0.62
21.98333333333333,0.5
22.605555555555554,0.51
24.88333333333334,0.37
25.99444444444445,0.32
25.96111111111112,0.3
27.10555555555556,0.27
26.08333333333333,0.31
25.00555555555556,0.33
22.677777777777774,0.39
21.89444444444444,0.41
19.81111111111111,0.54
18.744444444444444,0.62
19.70555555555556,0.64
20.4,0.64
22,0.6
22.64444444444445,0.52
23.28888888888889,0.51
23.75555555555556,0.46
23.772222222222226,0.46
20.05,0.63
20.09444444444445,0.63
21.22777777777777,0.62
22.25555555555556,0.61
22.38333333333334,0.54
22.266666666666666,0.54
21.422222222222224,0.57
21.016666666666666,0.59
21.149999999999995,0.67
22.77777777777778,0.57
23.88888888888889,0.48
23.972222222222225,0.52
23.98333333333333,0.5
23.98333333333333,0.5
24.022222222222226,0.48
22.127777777777776,0.59
21,0.68
22.68888888888889,0.62
23.244444444444447,0.59
23.88888888888889,0.58
24.97222222222222,0.5
25.96111111111112,0.49
26.08333333333333,0.5
26.105555555555554,0.45
26.088888888888885,0.47
23.95555555555556,0.62
22.772222222222226,0.64
23.93888888888889,0.5
24.95,0.47
26.016666666666666,0.43
25.04444444444444,0.45
26.11111111111111,0.39
24.922222222222224,0.46
22.17222222222222,0.59
24.511111111111116,0.66
26.955555555555552,0.55
27.15555555555555,0.55
28.73333333333333,0.51
28.93333333333333,0.49
28.88888888888889,0.46
29.88333333333334,0.46
28.994444444444444,0.46
27.77777777777778,0.53
25.11111111111111,0.62
24.08333333333333,0.68
22.22222222222222,0.68
22.22222222222222,0.64
23.79444444444444,0.51
24.87777777777778,0.48
26.011111111111106,0.43
26.06111111111111,0.44
26.977777777777774,0.44
26.11111111111111,0.47
26.11111111111111,0.5
26.03333333333333,0.49
24.95,0.5
22.82222222222222,0.57
21.3,0.59
18.88888888888889,0.67
18.88888888888889,0.56
21.088888888888885,0.47
21.22222222222222,0.48
22.266666666666666,0.46
23.88888888888889,0.35
24.87777777777778,0.34
25.022222222222226,0.37
25.04444444444444,0.42
25.06666666666667,0.41
23.88888888888889,0.45
21.06111111111111,0.57
22.80555555555556,0.62
23.86666666666666,0.57
25,0.5
25.07222222222222,0.54
27.061111111111103,0.44
27.22222222222222,0.44
27.22222222222222,0.44
26.28333333333333,0.44
25.04444444444444,0.47
21.29444444444444,0.67
19.92777777777778,0.69
22.61666666666666,0.63
24.61111111111111,0.59
24.694444444444443,0.63
18.855555555555554,0.65
20.09444444444445,0.53
22.15555555555555,0.46
20.30555555555556,0.44
21.20555555555556,0.41
21.22777777777777,0.41
21.21111111111112,0.4
21.08333333333333,0.41
18.95555555555556,0.37
19.00555555555555,0.34
20.04444444444444,0.31
20.166666666666668,0.31
19.97222222222222,0.32
20.08888888888889,0.32
19.21111111111111,0.32
18.83888888888889,0.43
20.07222222222222,0.43
21.11111111111111,0.38
21.2,0.35
22.24444444444445,0.35
22.28888888888889,0.35
22.2,0.37
22.24444444444445,0.37
19.994444444444444,0.4
18.86666666666666,0.43
20.100000000000005,0.4
20.64444444444444,0.43
22.266666666666666,0.35
22.327777777777776,0.38
22.40555555555555,0.35
22.33333333333333,0.35
21.494444444444444,0.39
20.25,0.39
18.033333333333328,0.34
20.13888888888889,0.3
21.25,0.29
21.37777777777778,0.29
22.31111111111111,0.28
22.31111111111111,0.27
21.411111111111115,0.28
21.272222222222226,0.26
18.02777777777778,0.34
19.00555555555555,0.36
19.116666666666664,0.33
20.11111111111111,0.35
20.155555555555555,0.32
20.13888888888889,0.31
20.216666666666665,0.28
19.066666666666663,0.33
19.02777777777778,0.26
19.050000000000004,0.26
19.07222222222222,0.36
19.97777777777777,0.24
19.00555555555555,0.29
19.90555555555555,0.35
20.04444444444444,0.35
22.194444444444443,0.33
22.266666666666666,0.3
21.25555555555556,0.35
20.99444444444445,0.39
18.905555555555555,0.43
18.96111111111111,0.3
19.050000000000004,0.33
20.966666666666665,0.31
21.15555555555555,0.3
21.15555555555555,0.29
21.23333333333333,0.3
20.08888888888889,0.24
18.96111111111111,0.19
20.07222222222222,0.17
20.12222222222222,0.2
21.22777777777777,0.23
21.20555555555556,0.15
21.244444444444444,0.15
20.161111111111115,0.18
21.32222222222222,0.32
22.11111111111111,0.29
22.82222222222222,0.27
22.194444444444443,0.33
22.36111111111111,0.37
19.022222222222226,0.43
19.05555555555556,0.38
19.050000000000004,0.39
21.18333333333333,0.32
22.08888888888889,0.34
22.338888888888885,0.33
22.33333333333333,0.33
22.16111111111111,0.3
19.038888888888884,0.43
19.00555555555555,0.42
20.04444444444444,0.34
21.188888888888886,0.32
22.31666666666667,0.28
22.17777777777778,0.27
22.82777777777778,0.29
22.82777777777778,0.26
22.37777777777778,0.27
22.3,0.37
21.11111111111111,0.26
19.95,0.37
22.12222222222222,0.33
23.55555555555556,0.29
23.761111111111106,0.27
23.93888888888889,0.24
24.105555555555554,0.25
23.511111111111106,0.28
23.005555555555556,0.27
22.68888888888889,0.29
21.405555555555555,0.37
19.27777777777778,0.42
20.97222222222222,0.38
22.73333333333333,0.3
23.905555555555555,0.29
25.09444444444445,0.26
24.95,0.28
24.97222222222222,0.22
24,0.29
22.28333333333333,0.38
21.383333333333333,0.44
18.922222222222224,0.47
18.81666666666667,0.33
19.07222222222222,0.33
18.98333333333333,0.33
18.116666666666667,0.34
18.93333333333333,0.3
18.87777777777778,0.36
18.95555555555556,0.3
19.488888888888887,0.31
18.011111111111113,0.34
19.88888888888889,0.41
22.133333333333336,0.34
23.577777777777776,0.31
24.838888888888885,0.29
24.95555555555556,0.26
25.96111111111112,0.25
27.11111111111111,0.24
26.088888888888885,0.24
27.15,0.22
25.09444444444445,0.28
23.98333333333333,0.29
21.25,0.38
22.066666666666663,0.66
22.066666666666663,0.65
22.11111111111111,0.65
24.772222222222226,0.52
25.827777777777776,0.5
27.13888888888889,0.45
28.73333333333333,0.41
28.77777777777778,0.41
29.88333333333334,0.38
29.90555555555555,0.36
29.79444444444444,0.36
29.86111111111111,0.36
28.67777777777778,0.39
27.011111111111116,0.46
23.911111111111115,0.55
22.600000000000005,0.63
22,0.69
23.827777777777776,0.66
25.95555555555556,0.55
26.683333333333334,0.5
26.116666666666667,0.51
25.11666666666666,0.54
23.62222222222222,0.64
23.911111111111115,0.62
21.22222222222222,0.63
20.200000000000003,0.66
19.95,0.64
19.88333333333334,0.64
20.90555555555555,0.62
23.35555555555556,0.62
22.700000000000003,0.63
23.78333333333333,0.59
23.516666666666666,0.61
22.666666666666668,0.63
21.13888888888889,0.69
23.79444444444444,0.59
25.827777777777776,0.51
27.61666666666666,0.47
27.61111111111111,0.44
28.67777777777778,0.38
28.772222222222226,0.37
28.79444444444444,0.37
27.82777777777778,0.4
27.24444444444445,0.39
27.17222222222222,0.39
23.066666666666663,0.5
21.03888888888889,0.58
19.522222222222226,0.62
18.84444444444445,0.66
18.79444444444444,0.66
20.92777777777778,0.66
23.88888888888889,0.58
26.04444444444444,0.48
27.05555555555556,0.43
27.75555555555555,0.4
29.90555555555555,0.35
29.866666666666667,0.33
30.99444444444445,0.3
30.022222222222226,0.31
29.92777777777778,0.3
29.92777777777778,0.3
27.77777777777778,0.35
25.07222222222222,0.42
22.25,0.54
21.62777777777778,0.56
20.14444444444445,0.6
18.916666666666668,0.64
18.71111111111112,0.69
22.48888888888889,0.6
25.92777777777778,0.48
27.75555555555555,0.39
29.772222222222226,0.32
31.04444444444444,0.3
31.088888888888885,0.26
31.05555555555556,0.28
32.66111111111112,0.26
32.2,0.26
32.077777777777776,0.27
32.15555555555555,0.28
30.97222222222222,0.3
27.17777777777778,0.4
23.86666666666666,0.51
22.17777777777778,0.58
20.73333333333333,0.63
19.98333333333333,0.69
19.916666666666664,0.64
22.70555555555556,0.59
26.25555555555556,0.47
30.050000000000004,0.34
31.00555555555556,0.33
32.71111111111111,0.27
33.794444444444444,0.25
33.62777777777777,0.24
33.86666666666666,0.25
33.888888888888886,0.27
33.74444444444444,0.27
32.849999999999994,0.27
31.20555555555556,0.32
27.96666666666667,0.35
25.99444444444445,0.4
24.88333333333334,0.41
22.883333333333333,0.48
23.216666666666672,0.47
22.61666666666666,0.5
21.50555555555555,0.53
21.16111111111111,0.56
20.07222222222222,0.62
19.07222222222222,0.66
21.022222222222226,0.6
23.42777777777778,0.57
25.95555555555556,0.51
28.63888888888889,0.44
29.62222222222222,0.39
31.97222222222222,0.34
32.550000000000004,0.33
33.56666666666667,0.31
33.70555555555556,0.31
34.21666666666667,0.31
33.62777777777777,0.31
32.56666666666667,0.33
30.95,0.39
27.800000000000004,0.47
27.10555555555556,0.48
25.95,0.5
24.88888888888889,0.55
23.75,0.56
23.127777777777776,0.54
22.16111111111111,0.64
23.672222222222224,0.59
26.04444444444444,0.5
26.18333333333333,0.5
27.15555555555555,0.44
28.84444444444445,0.36
28.84444444444445,0.36
28.75555555555556,0.37
28.84444444444445,0.37
27.71111111111111,0.39
25.9,0.51
23.75555555555556,0.66
23.616666666666667,0.67
21.15555555555555,0.68
23.883333333333333,0.62
24.916666666666664,0.59
27.266666666666666,0.51
27.84444444444445,0.46
29.716666666666665,0.41
30.022222222222226,0.37
30,0.4
29.855555555555554,0.4
29.95,0.37
28.79444444444444,0.43
26.933333333333337,0.52
25.90555555555555,0.55
25.30555555555556,0.57
24.34444444444444,0.62
18.522222222222226,0.63
22.22222222222222,0.49
24.02777777777778,0.44
26.011111111111106,0.34
27.24444444444445,0.28
27.77777777777778,0.25
27.84444444444445,0.24
28.88888888888889,0.2
28.96111111111111,0.2
28.81666666666667,0.2
28.938888888888894,0.22
27.266666666666666,0.26
24.21666666666667,0.34
21.16111111111111,0.41
20.35,0.43
19.05555555555556,0.49
23.061111111111117,0.59
21.43888888888889,0.65
21.21111111111112,0.66
20.92777777777778,0.65
20.90555555555555,0.69
22.29444444444444,0.66
25.811111111111103,0.52
26.988888888888887,0.48
27.37222222222222,0.49
28.72222222222222,0.47
28.772222222222226,0.47
30.672222222222217,0.45
30.95,0.42
31.04444444444444,0.39
31.72222222222222,0.4
30.86111111111111,0.42
27.5,0.48
24.90555555555555,0.59
22.55,0.58
22.922222222222224,0.62
27.90555555555556,0.46
29.516666666666666,0.37
30.761111111111116,0.35
31.61666666666666,0.33
31.9,0.32
30.9,0.3
30.81666666666667,0.31
30.877777777777776,0.3
28.772222222222226,0.37
25.877777777777776,0.46
23.75,0.56
22.10555555555556,0.57
22.56666666666667,0.58
21.48333333333333,0.57
19.93333333333333,0.65
21.83333333333333,0.6
18.266666666666666,0.67
23.93888888888889,0.66
27.73333333333333,0.53
29.97777777777777,0.43
32.61666666666666,0.31
33.71111111111112,0.28
34.40555555555556,0.28
33.772222222222226,0.29
33.794444444444444,0.31
33.47777777777778,0.29
32.71111111111111,0.32
32.03888888888889,0.32
27.672222222222224,0.45
25.877777777777776,0.49
24.772222222222226,0.54
24.72222222222222,0.66
27.744444444444444,0.59
30.95555555555556,0.48
32.6,0.42
34.84444444444445,0.36
35.97777777777778,0.3
36.96111111111111,0.29
37.12777777777777,0.27
37.12222222222222,0.27
36.97222222222222,0.26
37.07222222222222,0.26
33.81111111111111,0.35
30.96111111111112,0.44
30.88333333333334,0.45
29.02777777777778,0.52
28.216666666666672,0.55
26.6,0.6
26.416666666666668,0.55
22.87777777777778,0.68
23.56666666666667,0.63
21.966666666666672,0.69
22.027777777777786,0.68
21.994444444444447,0.69
23.572222222222223,0.64
25.777777777777786,0.6
28.59444444444445,0.5
30.794444444444448,0.46
32.02222222222222,0.43
34.68333333333334,0.36
35.83888888888889,0.33
36.650000000000006,0.32
36.97222222222222,0.32
37.04444444444445,0.29
36.79444444444445,0.32
35.78888888888889,0.32
32.59444444444445,0.38
29.95,0.44
28.70555555555556,0.5
27.52777777777778,0.54
26.29444444444444,0.6
25.32777777777778,0.61
24.21666666666667,0.65
22.672222222222224,0.55
21.05,0.69
21.02777777777777,0.69
22.066666666666663,0.69
23.79444444444444,0.65
27.016666666666666,0.52
29.866666666666667,0.41
31.827777777777783,0.35
32.644444444444446,0.3
32.71111111111111,0.28
33.644444444444446,0.25
33.75,0.23
33.70555555555556,0.24
33.544444444444444,0.26
32.016666666666666,0.29
29.81666666666667,0.35
27.666666666666668,0.39
27.016666666666666,0.38
26.46111111111111,0.38
25.172222222222224,0.41
23.238888888888887,0.46
22.63888888888889,0.51
18.4,0.63
21.57777777777778,0.56
20.533333333333328,0.61
20.96111111111112,0.62
20.90555555555555,0.6
20.95555555555556,0.6
23.616666666666667,0.56
25.977777777777774,0.45
27.64444444444445,0.39
28.661111111111115,0.35
28.86666666666666,0.36
29.97777777777777,0.34
29.038888888888884,0.33
29.97777777777777,0.31
30.97222222222222,0.26
30.811111111111103,0.26
29.90555555555555,0.28
27.75555555555555,0.33
25.14444444444445,0.39
22.68888888888889,0.45
23.111111111111107,0.45
21.47777777777777,0.51
20.383333333333333,0.54
18.66111111111111,0.6
18.01666666666667,0.68
20.86111111111111,0.6
23.86666666666666,0.49
26.16111111111111,0.39
27.77777777777778,0.34
29.88333333333334,0.26
29.97777777777777,0.26
30.88333333333334,0.24
30.04444444444444,0.26
31.11111111111111,0.24
31,0.23
31.061111111111103,0.24
28.81666666666667,0.28
24.98888888888889,0.41
22.71111111111111,0.4
21.50555555555555,0.43
20.98888888888889,0.54
18.8,0.54
18.366666666666667,0.64
22.10555555555556,0.67
22.84444444444445,0.63
23.54444444444444,0.6
24.183333333333334,0.58
24.727777777777774,0.55
25.166666666666668,0.54
26.45555555555556,0.54
26.977777777777774,0.5
27.016666666666666,0.48
24.4,0.53
22.700000000000003,0.53
22.59444444444445,0.56
21.566666666666663,0.55
20.13888888888889,0.55
18.88888888888889,0.56
21.933333333333337,0.51
22.700000000000003,0.45
24.899999999999995,0.4
26.094444444444445,0.39
25.966666666666665,0.4
27.47222222222222,0.36
26.883333333333333,0.41
25.66111111111111,0.42
21.84444444444444,0.57
19.40555555555556,0.67
18.67777777777778,0.67
19.944444444444446,0.56
23.86666666666666,0.42
26.20555555555556,0.36
27.53333333333333,0.34
28.88888888888889,0.29
28.93333333333333,0.27
29.98333333333333,0.27
31.061111111111103,0.23
31.06666666666667,0.23
30.00555555555556,0.26
29.83333333333333,0.25
27.43333333333333,0.3
24.61111111111111,0.48
19.79444444444444,0.65
19.772222222222226,0.65
19.838888888888885,0.69
20.877777777777776,0.64
21.21111111111112,0.67
22.03333333333333,0.6
22.15,0.59
22.11111111111111,0.57
21.016666666666666,0.6
19.88333333333334,0.64
19,0.68
18.87222222222222,0.57
20.200000000000003,0.52
22.17777777777778,0.49
22.17777777777778,0.43
22.23333333333333,0.43
22.71111111111111,0.37
22.73333333333333,0.37
22.08888888888889,0.37
22.08333333333333,0.39
20.99444444444445,0.43
19.80555555555556,0.47
18.84444444444445,0.53
18.311111111111103,0.55
18.28333333333333,0.59
18.86111111111111,0.67
21.20555555555556,0.53
22.700000000000003,0.49
22.50555555555556,0.5
22.33333333333333,0.49
19.111111111111114,0.64
18.044444444444448,0.68
19.89444444444445,0.61
20.827777777777776,0.58
22.17777777777778,0.53
22.82777777777778,0.51
24.71111111111112,0.46
26.088888888888885,0.44
26.16111111111111,0.42
25.966666666666665,0.43
26.088888888888885,0.44
25.02777777777778,0.45
22.36111111111111,0.56
21.16111111111111,0.59
20.58333333333333,0.6
19.455555555555552,0.67
20.438888888888894,0.64
22.17777777777778,0.59
24.91111111111111,0.5
26.888888888888893,0.43
28.772222222222226,0.37
29.88333333333334,0.34
29.78333333333333,0.35
29.00555555555555,0.35
23.39444444444445,0.61
24,0.69
25.105555555555554,0.61
25.58333333333333,0.55
22.272222222222226,0.64
25.07222222222222,0.54
26.116666666666667,0.57
28.88888888888889,0.4
30,0.35
30.727777777777774,0.34
30.827777777777776,0.33
31.02777777777778,0.3
29.811111111111103,0.32
27.672222222222224,0.43
26.105555555555554,0.44
23.966666666666665,0.5
22.22222222222222,0.55
20.99444444444445,0.58
19.47222222222222,0.69
22.066666666666663,0.6
25.90555555555555,0.48
27.73333333333333,0.41
28.911111111111115,0.36
31.08333333333333,0.32
32.13333333333334,0.28
32.17777777777778,0.28
32.68888889,0.25
32.24444444444445,0.24
31.022222222222226,0.26
29.98333333333333,0.34
27.872222222222224,0.38
26.16111111111111,0.42
24.91111111111111,0.48
24.261111111111116,0.49
22.64444444444445,0.54
21.05,0.62
19.427777777777777,0.66
22.21111111111112,0.69
25.977777777777774,0.54
28.79444444444444,0.4
29.683333333333337,0.37
31.13888888888889,0.33
32.150000000000006,0.3
31.300000000000004,0.33
32.22222222222222,0.31
30.011111111111106,0.35
30.811111111111103,0.35
30.988888888888887,0.36
27.816666666666663,0.41
25.288888888888884,0.5
23.86111111111111,0.58
22.68888888888889,0.6
23.15555555555556,0.58
18.716666666666665,0.62
22.45555555555556,0.53
25.00555555555556,0.39
26.13888888888889,0.34
27.016666666666666,0.33
27.272222222222226,0.32
27.800000000000004,0.29
28.800000000000004,0.28
28.96111111111111,0.29
28.88888888888889,0.29
27.938888888888894,0.31
27.89444444444444,0.31
27.266666666666666,0.37
24.477777777777774,0.43
22.36111111111111,0.53
21.64444444444444,0.53
20.055555555555557,0.59
22.24444444444445,0.64
22.17222222222222,0.62
19.772222222222226,0.67
18.688888888888886,0.65
18.70555555555556,0.62
18.61111111111111,0.66
18.716666666666665,0.67
18.54444444444444,0.67
20.02777777777778,0.45
21.16111111111111,0.42
21.83888888888889,0.41
22.266666666666666,0.35
22.24444444444445,0.35
21.955555555555552,0.4
22.70555555555556,0.35
22.08333333333333,0.39
19.00555555555555,0.6
18.84444444444445,0.49
21.088888888888885,0.46
21.944444444444443,0.4
22.85,0.34
22.82222222222222,0.34
23.66111111111111,0.33
24.727777777777774,0.3
24.75,0.33
23.70555555555556,0.3
21.13333333333334,0.42
21.17777777777778,0.41
19.044444444444444,0.52
21.06666666666667,0.47
22.661111111111115,0.39
22.716666666666665,0.39
25,0.33
25,0.32
25.92222222222222,0.31
27.15,0.28
27.22222222222222,0.26
27.077777777777776,0.27
27.127777777777776,0.26
26.03888888888889,0.28
22.700000000000003,0.38
19.122222222222224,0.48
18.41111111111111,0.51
20.683333333333337,0.55
22.64444444444445,0.49
25.00555555555556,0.4
27.2,0.34
27.800000000000004,0.33
28.838888888888885,0.31
29.97777777777777,0.29
28.93333333333333,0.31
31.11111111111111,0.27
31.088888888888885,0.27
30.83888888888889,0.27
30.050000000000004,0.27
28.98333333333333,0.31
26.43888888888889,0.4
25.05,0.47
22.31666666666667,0.57
21.355555555555554,0.59
20.055555555555557,0.61
19.5,0.63
22.05,0.56
24.70555555555556,0.5
27.77777777777778,0.4
30,0.34
30.966666666666665,0.33
32.294444444444444,0.3
32.82777777777778,0.27
33.55,0.28
32.916666666666664,0.27
33.983333333333334,0.25
32.794444444444444,0.27
32.87222222222223,0.29
32.266666666666666,0.3
28.238888888888887,0.42
25.18888888888889,0.49
24.383333333333333,0.54
22.694444444444443,0.58
20.46666666666667,0.66
20.22777777777777,0.63
22.600000000000005,0.58
25.86111111111111,0.52
28.916666666666668,0.43
31.161111111111115,0.33
32.56111111111111,0.31
33.86666666666666,0.28
33.96111111111111,0.27
33.888888888888886,0.24
34.050000000000004,0.25
35.09444444444445,0.24
34.96111111111112,0.24
34.050000000000004,0.25
32.93888889,0.27
30.288888888888884,0.34
26.3,0.42
24.544444444444448,0.48
23.36111111111111,0.55
22.15555555555555,0.57
22.57222222222222,0.54
21.06666666666667,0.64
18.311111111111103,0.68
22.16111111111111,0.64
25.12777777777778,0.54
28.061111111111117,0.45
31.34444444444445,0.34
33.74444444444444,0.29
35.16111111111112,0.29
37.22222222222222,0.19
36.97222222222222,0.17
37.77777777777778,0.14
37.82222222222222,0.15
37.52222222222223,0.17
37.266666666666666,0.17
34.09444444444445,0.25
30.666666666666668,0.33
27.800000000000004,0.35
26.605555555555554,0.39
25.25555555555555,0.46
22.73888888888889,0.53
20.100000000000005,0.61
21.977777777777774,0.66
20.95555555555556,0.64
20.472222222222214,0.63
20.294444444444444,0.65
21.00555555555556,0.6
23.71111111111112,0.51
27.03888888888889,0.47
31.161111111111115,0.38
33.93888889,0.32
35.68333333333334,0.26
37.27222222222223,0.21
37.33888888888888,0.21
37.672222222222224,0.21
37.89444444444444,0.2
37.93888889,0.2
37.78888888888888,0.22
37.36111111111112,0.23
35.227777777777774,0.29
32.5,0.36
29.05555555555556,0.4
27.68888888888889,0.44
25.86111111111111,0.51
23.916666666666668,0.58
22.80555555555556,0.65
23.96111111111111,0.52
22.066666666666663,0.64
24.899999999999995,0.58
27.2,0.52
30.07222222222222,0.43
32.82777777777778,0.37
35.62222222222223,0.3
37.17777777777778,0.24
37.8,0.2
38.70555555555556,0.19
37.89444444444444,0.19
38.98333333333333,0.18
38.71666666666667,0.17
37.89444444444444,0.19
35.1,0.28
31.522222222222226,0.37
29.93333333333333,0.41
28.71111111111112,0.42
25.96111111111112,0.53
18.850000000000005,0.63
21.888888888888893,0.59
19.96111111111112,0.63
22.87777777777778,0.58
26.18333333333333,0.44
27.85,0.4
29.78888888888889,0.35
31.161111111111115,0.32
31.20555555555556,0.27
32.150000000000006,0.27
32.31666666666667,0.26
32.28888888888889,0.26
32.23333333333333,0.27
32.266666666666666,0.28
30.18333333333333,0.34
27.75555555555555,0.4
24.00555555555555,0.53
21.738888888888887,0.6
21.927777777777777,0.64
26.43888888888889,0.48
23.772222222222226,0.55
22.68888888888889,0.59
22.17777777777778,0.62
21.13888888888889,0.66
20.488888888888887,0.67
21.188888888888886,0.63
24.966666666666665,0.55
27.794444444444444,0.45
30.30555555555556,0.37
34.05555555555556,0.28
35.94444444444444,0.25
37.45,0.23
37.93888889,0.2
38.766666666666666,0.18
38.98333333333333,0.14
38.98333333333333,0.15
38.78888888888888,0.14
37.89444444444444,0.16
36.27222222222223,0.22
33.06111111111111,0.28
27.96666666666667,0.38
27.17777777777778,0.38
25.14444444444445,0.55
23.01666666666667,0.62
20.91111111111111,0.66
21.48888888888889,0.66
20.12222222222222,0.65
20.533333333333328,0.65
19.48333333333333,0.68
20.02777777777778,0.67
23.87777777777778,0.54
27.716666666666665,0.42
30.011111111111106,0.37
32.08888888888889,0.35
35.361111111111114,0.28
37.52777777777778,0.21
37.68888889,0.18
38.5,0.19
38.86666666666666,0.21
38.84444444444445,0.21
39.58888888888889,0.15
37.8,0.16
37.19444444444444,0.17
31.61111111111111,0.29
29.327777777777783,0.34
25.511111111111116,0.5
24.527777777777786,0.5
22.73333333333333,0.59
21.688888888888894,0.66
22.883333333333333,0.52
21.016666666666666,0.68
21.02777777777777,0.68
24.80555555555556,0.55
28.45,0.47
32.738888888888894,0.34
34.95555555555556,0.28
36.63333333333333,0.21
37.71111111111111,0.16
38.75,0.15
38.47222222222222,0.16
39.90555555555555,0.13
38.83888888888888,0.15
38.63333333333334,0.16
37.727777777777774,0.16
36.03888888888889,0.19
32.800000000000004,0.25
29.00555555555555,0.31
29.81666666666667,0.3
27.61666666666666,0.4
26.416666666666668,0.44
24.79444444444444,0.47
23.71111111111112,0.46
20.99444444444445,0.48
19.444444444444443,0.51
18.87777777777778,0.56
18.84444444444445,0.57
22.066666666666663,0.5
23.577777777777776,0.47
26.04444444444444,0.42
27.76111111111111,0.4
29.73333333333333,0.35
31.116666666666667,0.32
32.71111111111111,0.23
32.577777777777776,0.23
33.86666666666666,0.2
33.888888888888886,0.22
33.738888888888894,0.23
32.82222222222222,0.21
32.266666666666666,0.24
29.166666666666668,0.34
26.22777777777777,0.39
25.04444444444444,0.43
25.05,0.44
23.86666666666666,0.45
23.772222222222226,0.44
22.52777777777778,0.51
22,0.52
21.05,0.57
20.933333333333337,0.6
22.62222222222222,0.54
27.45,0.42
32.46111111111112,0.3
33.75,0.27
36.57777777777778,0.25
37.56666666666667,0.18
37.58888888888888,0.18
38.43888888888889,0.17
38.7,0.17
37.63333333333333,0.2
36.03888888888889,0.25
33.672222222222224,0.25
27.37777777777778,0.46
23.600000000000005,0.51
20.18333333333333,0.66
20,0.69
18.84444444444445,0.68
19.866666666666667,0.55
22.127777777777776,0.43
22.75555555555555,0.38
23.811111111111117,0.35
25.022222222222226,0.32
27.08333333333333,0.26
26.933333333333337,0.27
26.17777777777778,0.28
27.22222222222222,0.26
27.03888888888889,0.27
26.15555555555555,0.26
25.06666666666667,0.28
22.950000000000003,0.34
20.11666666666666,0.4
9.472222222,0.89
9.355555556,0.86
9.377777778,0.89
8.288888889,0.83
8.755555556,0.83
9.222222222,0.85
7.733333333,0.95
8.772222222,0.89
10.82222222,0.82
13.77222222,0.72
16.01666667,0.67
15.38888889,0.6
15.55,0.63
14.25555556,0.69
13.14444444,0.7
11.55,0.77
11.18333333,0.76
10.11666667,0.79
10.2,0.77
10.42222222,0.62
9.911111111,0.66
11.18333333,0.8
7.155555556,0.79
6.111111111,0.82
6.788888889,0.83
7.261111111,0.85
7.8,0.83
9.872222222,0.78
12.22222222,0.72
15.09444444,0.61
16.06111111,0.53
15.02222222,0.55
14.42222222,0.58
14.25555556,0.59
13.77222222,0.6
13.28333333,0.63
8.633333333,0.87
11.25,0.83
11.18333333,0.89
10.69444444,0.95
11.11111111,0.93
11.11111111,0.93
12.16666667,0.82
12.75555556,0.79
13.83888889,0.84
16.18333333,0.73
15.63333333,0.81
13.57777778,0.9
10.91111111,0.86
8.8,0.99
8.961111111,0.93
8.2,0.96
7.688888889,0.96
7.766666667,0.96
8.2,0.96
8.177777778,0.93
7.311111111,0.82
7.644444444,0.93
6.622222222,0.93
6.683333333,0.93
6.088888889,0.93
6.066666667,0.93
6.144444444,0.93
7.133333333,0.8
7.205555556,0.86
7.566666667,0.84
8.9,0.77
9.961111111,0.71
9.888888889,0.71
11.06666667,0.71
10.11666667,0.76
11.03888889,0.66
10.65,0.7
10.05,0.7
9.9,0.66
8.794444444,0.71
7.827777778,0.72
7.855555556,0.72
7.316666667,0.75
7.244444444,0.75
5.438888889,0.88
7.2,0.76
6.688888889,0.7
6.211111111,0.73
6.111111111,0.76
6.111111111,0.76
6.172222222,0.76
7.222222222,0.71
7.288888889,0.73
7.405555556,0.72
7.961111111,0.7
8.033333333,0.7
9.077777778,0.65
9.05,0.62
9.05,0.65
9.183333333,0.65
9.072222222,0.7
7.983333333,0.75
8.072222222,0.75
7.894444444,0.82
7.311111111,0.83
7.338888889,0.84
6.622222222,0.85
6.066666667,0.88
8.338888889,0.88
5.183333333,0.91
3.722222222,0.94
4.855555556,0.93
5.211111111,0.92
6.255555556,0.92
7.794444444,0.87
10.05,0.76
12.2,0.66
12.7,0.63
13.93333333,0.58
15.09444444,0.59
15.15,0.5
16.17777778,0.44
16.25,0.55
16.29444444,0.5
16.1,0.56
12.95555556,0.68
13.85,0.64
12.77777778,0.69
12.15,0.72
10.67777778,0.81
10.44444444,0.83
9.822222222,0.8
11.02777778,0.74
7.138888889,0.93
7.622222222,0.89
7.627777778,0.86
7.044444444,0.86
8.6,0.84
9.65,0.84
12.10555556,0.72
12.77777778,0.71
13.81111111,0.65
16.01666667,0.48
16.15555556,0.52
14.05,0.63
13.08888889,0.67
12.28888889,0.72
12.77777778,0.66
12.72777778,0.67
12.26666667,0.69
11.71111111,0.71
10.82777778,0.86
12.2,0.59
12.2,0.6
11.68888889,0.68
11.20555556,0.77
11.13333333,0.77
11.43888889,0.77
13.03333333,0.81
16.06666667,0.67
14.93333333,0.73
13.92222222,0.78
12.75555556,0.84
12.75555556,0.84
12.37222222,0.86
11.18333333,0.93
11.66666667,0.9
8.977777778,0.95
10.57777778,0.93
10.53333333,0.89
10.58888889,0.87
9.983333333,0.89
11.02222222,0.86
13.53888889,0.75
13.88888889,0.68
15,0.67
16.2,0.62
15.13888889,0.61
13.25,0.69
12.29444444,0.72
10.7,0.79
9.855555556,0.85
9.522222222,0.88
8.405555556,0.92
13.01111111,0.82
7.733333333,0.96
6.138888889,0.96
6.472222222,0.95
6.627777778,0.96
8.688888889,0.93
11.99444444,0.81
13.76666667,0.78
15.08888889,0.77
16.45555556,0.68
16.18888889,0.61
14.88333333,0.72
14.32777778,0.75
14.51111111,0.75
14.37222222,0.75
14.87777778,0.72
10.40555556,0.92
12.82222222,0.83
12.8,0.85
12.82777778,0.86
12.26666667,0.85
12.26666667,0.85
12.18333333,0.82
12.17222222,0.8
12.71111111,0.83
15.60555556,0.78
16.02222222,0.78
16.27222222,0.71
13.16666667,0.93
13.25555556,0.93
13.01111111,0.93
12.45555556,0.91
12.48888889,0.9
9.555555556,0.8
10.62222222,0.79
8.722222222,0.93
10.53333333,0.77
9.444444444,0.83
9.888888889,0.83
10.36666667,0.78
8.888888889,0.89
9.977777778,0.84
12.2,0.73
13.96111111,0.67
14.94444444,0.67
16.18333333,0.71
16.36666667,0.61
16.23888889,0.61
14.06666667,0.71
13.95555556,0.76
12.28888889,0.8
10.02222222,0.86
9.377777778,0.86
9.416666667,0.9
11.82777778,0.92
10.76111111,0.91
12.15555556,0.95
9.672222222,0.94
8.15,0.94
10.2,0.95
10.11666667,0.99
10.16111111,0.99
11.24444444,0.98
12.24444444,0.99
13.91111111,0.92
15.61666667,0.82
15.07222222,0.86
15.07222222,0.82
14.26666667,0.87
16.01666667,0.81
15.02777778,0.86
13.94444444,0.89
12.91666667,0.95
12.89444444,0.95
12.4,0.98
12.26666667,0.99
12.22222222,0.96
11.25,0.96
11.52777778,0.96
11.53888889,0.96
9.438888889,0.96
11.43888889,0.96
11.39444444,0.96
11.52777778,0.96
11.95,0.93
11.97222222,1
12.63333333,0.96
12.75555556,0.96
13.84444444,0.9
13.17222222,0.94
15.06666667,0.86
16.31666667,0.76
15.27222222,0.76
16.22222222,0.77
15.08333333,0.82
13.99444444,0.88
12.17222222,0.92
11.08888889,0.95
11.09444444,0.95
9.883333333,0.96
9.355555556,0.96
9.861111111,0.96
8.272222222,0.99
8.866666667,0.96
8.816666667,0.96
7.155555556,1
8.85,0.99
11.17777778,0.93
12.38888889,0.98
14.14444444,0.88
15.56666667,0.74
12.49444444,0.91
12.24444444,0.89
11.41666667,0.92
10.55555556,0.95
10.46666667,0.93
10.25,0.95
9.355555556,0.96
8.311111111,0.96
8.811111111,0.96
8.733333333,0.93
11.93333333,0.93
14.51666667,0.84
13.96111111,0.82
13.28888889,0.89
12.32222222,0.89
11.11666667,0.95
10.53333333,0.95
12.38333333,0.8
9.861111111,0.96
8.872222222,0.95
8.672222222,0.94
7.688888889,1
10.91111111,0.99
14.83888889,0.82
14.90555556,0.72
13.08333333,0.87
12.71111111,0.89
12.12777778,0.89
11.81111111,0.84
12.01666667,0.8
12.04444444,0.8
10.62777778,0.86
9.911111111,0.99
12.55555556,0.9
15.00555556,0.78
16.01666667,0.72
15.46666667,0.72
14.60555556,0.76
13.31111111,0.82
12.73333333,0.83
13.78888889,0.77
10.57777778,0.88
10.48333333,0.92
10.28888889,0.91
9.972222222,0.92
13.63888889,0.9
16.73888889,0.74
15.99444444,0.75
15.96111111,0.79
15.44444444,0.72
14.37222222,0.75
13.60555556,0.9
12.82222222,0.82
12.75,0.83
11.41666667,0.92
12.33333333,0.86
14.90555556,0.78
15.89444444,0.74
15.49444444,0.82
14.14444444,0.89
14.53888889,0.86
14.13888889,0.86
13.4,0.9
13.42777778,0.9
11.58888889,0.74
14.42222222,0.83
13.91666667,0.86
13.4,0.9
13.86666667,0.9
14.90555556,0.84
15.93333333,0.74
16.26111111,0.66
14.98333333,0.72
14.46666667,0.65
13.94444444,0.6
12.31666667,0.65
11.76111111,0.66
10.82777778,0.62
10.13888889,0.73
10.62777778,0.71
10.60555556,0.69
10.07222222,0.71
11.16111111,0.71
12.88888889,0.67
15.05,0.6
15.16111111,0.59
16.27222222,0.56
16.25,0.52
14.12222222,0.47
12.95,0.55
12.24444444,0.52
11.68888889,0.57
11.15555556,0.59
9.216666667,0.9
8.683333333,0.9
9.188888889,0.77
8.594444444,0.93
7.505555556,0.93
6.216666667,0.95
5.855555556,0.93
5.933333333,1
10.40555556,1
12.54444444,0.78
13.86111111,0.77
15.97777778,0.63
16.42777778,0.54
15.18333333,0.65
13.00555556,0.7
12.69444444,0.74
12.19444444,0.72
12.08333333,0.71
10.61666667,0.74
11.6,0.57
11.02222222,0.6
11.88888889,0.6
10.41666667,0.64
10.3,0.67
9.483333333,0.72
9.772222222,0.68
10.93333333,0.67
11.65555556,0.66
13.93888889,0.55
15.02777778,0.54
16.03888889,0.47
15.22777778,0.51
16.20555556,0.44
15.02222222,0.45
13.92777778,0.47
12.36666667,0.57
12.29444444,0.59
12.78888889,0.56
9.533333333,0.76
9.972222222,0.71
4.911111111,0.91
7.916666667,0.78
7.383333333,0.82
7.972222222,0.82
8.816666667,0.84
8.794444444,0.84
7.888888889,0.89
7.8,0.96
7.822222222,0.95
7.944444444,0.95
8.077777778,0.94
10.22777778,0.81
11.36111111,0.74
12.45,0.7
12.91666667,0.67
12.55,0.62
12.38333333,0.69
10.22777778,0.75
9.227777778,0.78
7.827777778,0.87
6.677777778,0.91
6.122222222,0.91
5.327777778,0.95
4.355555556,0.95
9.272222222,0.89
4.261111111,0.92
3.216666667,0.92
3.905555556,0.92
2.711111111,0.96
3.816666667,1
6.883333333,0.93
8.938888889,0.88
11.20555556,0.79
12.85,0.7
13.96111111,0.63
14.97777778,0.51
14.02777778,0.57
15.02222222,0.51
15.04444444,0.54
15.08888889,0.5
14.95,0.51
13.81666667,0.59
12.91666667,0.64
13.83888889,0.59
12.75555556,0.69
12.65,0.74
11.68888889,0.8
10.62777778,0.88
5.666666667,0.91
10.05,0.92
9.977777778,0.93
9.777777778,0.95
8.661111111,0.99
7.55,0.95
7.233333333,0.93
6.044444444,0.92
6.094444444,0.85
6.116666667,0.82
6.066666667,0.86
6.038888889,0.93
6.888888889,0.93
7.061111111,0.86
6.038888889,0.93
6.072222222,0.93
5.044444444,0.93
5.022222222,0.92
5.033333333,0.93
5,0.93
4.977777778,0.93
4.933333333,0.87
4.466666667,0.92
4.444444444,0.92
4.011111111,0.83
4.905555556,0.86
4.883333333,0.83
4.388888889,0.89
4.838888889,0.86
4.811111111,0.83
4.944444444,0.84
7.2,0.65
7.777777778,0.67
8.727777778,0.64
8.983333333,0.57
10,0.5
10.09444444,0.55
11.06111111,0.46
10.13888889,0.42
11.01111111,0.42
10.11666667,0.49
7.916666667,0.57
7.333333333,0.63
5.05,0.75
3.933333333,0.76
4.094444444,0.77
3.8,0.82
2.688888889,0.85
5.066666667,0.81
2.6,0.85
1.583333333,0.92
2.155555556,0.9
0.955555556,0.92
0.955555556,0.92
5.594444444,0.82
9.822222222,0.66
11.07222222,0.54
11.05555556,0.48
12.24444444,0.43
12.85,0.41
12.88888889,0.38
12.91666667,0.4
13.88888889,0.46
13.02222222,0.48
12.38333333,0.49
10.20555556,0.57
9.144444444,0.62
7.827777778,0.68
7.733333333,0.65
7.144444444,0.69
6.016666667,0.74
5.461111111,0.76
8.244444444,0.72
3.838888889,0.82
2.244444444,0.91
2.022222222,0.93
2.172222222,0.92
3.661111111,0.89
6.111111111,0.79
10.00555556,0.66
12.24444444,0.52
12.93888889,0.5
13.98333333,0.5
15.09444444,0.44
16.25,0.43
15.08888889,0.44
11.71111111,0.58
11.16111111,0.61
10.02777778,0.68
10.13888889,0.65
15.56111111,0.92
15.49444444,0.87
16.53888889,0.91
13.8,0.9
13.31666667,0.9
12.60555556,0.92
12.32777778,0.93
14.96666667,0.87
16.26111111,0.87
16.25,0.92
16.62777778,0.92
15.84444444,0.84
17,0.92
16.50555556,0.79
14.98333333,0.83
16.02222222,0.81
16.16111111,0.81
16.48888889,0.79
15.69444444,0.83
15.62777778,0.81
16.21111111,0.93
15.57777778,0.84
15.57777778,0.81
15.60555556,0.81
15.05,0.83
16.17777778,0.9
15.83333333,0.93
16.73333333,0.93
16.71111111,0.97
16.26666667,0.97
16.13888889,0.97
16.08888889,0.97
15.55555556,0.96
14.51666667,1
16.79444444,0.97
16.66666667,0.97
16.16111111,0.97
16.11666667,0.97
16.11666667,0.97
15.55555556,0.96
14.00555556,1
16.11666667,0.93
16.05,0.93
16.21111111,0.99
15.30555556,0.9
16.55,0.93
16.09444444,0.96
15.55,0.93
14.93333333,0.93
16.62222222,0.93
16.67222222,0.87
15.07222222,0.93
14.51666667,0.93
14.44444444,0.93
13.88888889,0.96
14.43333333,0.9
14.92777778,0.87
16.64444444,0.87
16.55,0.88
16.09444444,0.87
16.81111111,0.92
14.98888889,0.86
16.76666667,0.87
16.32777778,0.89
15.05555556,0.87
14.98888889,0.83
13.20555556,0.95
13.36666667,0.9
14.31666667,0.84
14.33888889,0.84
12.74444444,0.9
14.85,0.83
16.68888889,0.89
16.27777778,0.91
15.02777778,0.92
13.96111111,0.95
13.24444444,0.9
13.31666667,0.93
12.3,0.95
12.55,0.95
12.20555556,0.93
13.80555556,0.93
16.15555556,0.81
16.21111111,0.81
16.09444444,0.84
15.57222222,0.87
13.9,0.92
13.85555556,0.9
15.18888889,0.81
11.67777778,0.96
11.09444444,0.96
10.78888889,0.96
11,0.93
12.6,0.99
16.62222222,0.71
14.76111111,0.91
15.06666667,0.8
16.16111111,0.81
15.11666667,0.9
15.02222222,0.87
16.06666667,0.87
16.02222222,0.9
15.09444444,0.82
13.79444444,0.96
13.35555556,0.96
13.91666667,0.95
13.83888889,0.93
13.88888889,1
15.2,0.93
16.13333333,0.81
15.55555556,0.84
15.6,0.81
14.07222222,0.85
14.46111111,0.83
16.72222222,0.83
15.48888889,0.79
13.88888889,0.9
12.67222222,0.9
13.83888889,0.9
15.05,0.87
16.17777778,0.81
16.66666667,0.78
16.18888889,0.81
13.35,0.95
15.55555556,0.93
15,0.93
14.51666667,0.96
15,0.93
15,0.93
15,0.94
15.11666667,0.93
15.11666667,0.93
16.24444444,0.92
16.16111111,0.86
16.16111111,0.81
15.16666667,0.87
13.87222222,0.93
12.75555556,0.96
12,0.95
12.75,1
13.35555556,0.96
13.58333333,0.95
13.91111111,0.93
14.95,0.93
14.92222222,0.93
14.90555556,0.93
13.91111111,0.93
14.97222222,0.87
16.16111111,0.8
16.22777778,0.58
14.30555556,0.73
12.85,0.89
12.75555556,0.92
12.38333333,0.92
16.62222222,0.9
16.01666667,0.9
16.03888889,0.9
16.12222222,0.93
11.64444444,0.95
11.08333333,0.93
11.32222222,0.89
12.17222222,0.99
12.17222222,0.99
12.69444444,0.92
12.2,0.99
12.22222222,0.92
12.30555556,0.93
12.25,0.93
12.3,0.92
12.73888889,0.9
12.82777778,0.9
12.87222222,0.89
13.76666667,0.9
13.93888889,0.89
13.98888889,0.89
14.91111111,0.84
15.07222222,0.82
13.93888889,0.89
13.08888889,0.89
12.85,0.83
12.3,0.8
12.71111111,0.85
12.22222222,0.86
11.66666667,0.86
13.46111111,0.78
11.11666667,0.86
12.77777778,0.77
11.11111111,0.85
11.16111111,0.86
12.71111111,0.77
12.78888889,0.78
13.88888889,0.77
15.94444444,0.68
15.28333333,0.75
15.01666667,0.83
14.99444444,0.83
14.09444444,0.88
15.13888889,0.82
16.16111111,0.77
16.11111111,0.72
15,0.78
15,0.78
14.97777778,0.78
14.33333333,0.78
15.82777778,0.95
16.62777778,0.94
16.46111111,0.97
15.44444444,0.96
13.65,0.93
14.36111111,0.96
13.82777778,0.96
13.43888889,0.96
13.82777778,0.99
14.91111111,0.93
15.05555556,0.93
16.13888889,0.87
16.22777778,0.87
16.16111111,0.86
15.32777778,0.89
13.98888889,0.92
13.93888889,0.93
15.40555556,0.95
12.73888889,0.93
12.73888889,0.93
12.42222222,0.96
12.17777778,1
13.91666667,0.93
16.71111111,0.9
16.76111111,0.9
15.14444444,0.95
15.67222222,0.93
16.18888889,0.96
16.06666667,0.9
16.06666667,0.93
15.7,0.95
16.04444444,0.93
16.76666667,0.97
16.68888889,0.97
14.93333333,0.96
16.62222222,0.97
16.06111111,0.97
15.67777778,0.96
16.13333333,0.93
16.18333333,0.99
16.25,0.87
15.67222222,0.9
15.74444444,0.9
15.07222222,0.93
15.02777778,0.93
15.06111111,0.88
14.53888889,0.93
13.96111111,0.96
13.63888889,0.96
14.00555556,0.93
16.11666667,0.93
6.572222222,0.93
6.627777778,0.93
6.622222222,0.96
6.622222222,0.93
6.15,0.96
6.061111111,1
6.061111111,1
6.1,0.94
6.061111111,1
7.15,0.93
6.227777778,0.99
7.222222222,0.93
7.755555556,0.89
7.788888889,0.89
7.755555556,0.89
7.755555556,0.89
7.322222222,0.92
7.172222222,0.93
7.15,0.93
7.127777778,0.93
7.127777778,0.93
6.622222222,0.93
6.627777778,0.93
6.111111111,0.96
9.044444444,0.83
2.633333333,0.95
8.4,0.93
8.355555556,0.96
8.361111111,0.96
7.805555556,0.96
7.127777778,1
5.35,0.93
6.088888889,0.99
7.711111111,0.99
8.805555556,0.92
8.794444444,0.83
7.777777778,0.88
9,0.83
7.8,0.88
7.8,0.83
7.372222222,0.85
6.183333333,0.85
5.05,0.86
4.183333333,0.89
2.388888889,0.92
2.894444444,0.92
2.011111111,0.92
1.833333333,0.92
1.872222222,0.91
2.205555556,0.96
1.161111111,0.92
0.566666667,0.96
0.716666667,0.96
0.027777778,0.96
0.977777778,0.93
0.194444444,0.93
1.111111111,0.92
2.25,0.92
3.111111111,0.94
6.161111111,0.79
6.188888889,0.79
7.205555556,0.73
7.3,0.72
6.111111111,0.79
4.05,0.91
2.25,1
2.7,0.96
2.411111111,0.99
2.122222222,1
2.172222222,0.96
1.344444444,1
2.122222222,1
2.372222222,0.96
0.1,0.99
1.372222222,1
1.372222222,1
1.3,0.96
1.011111111,1
0.766666667,0.93
0.672222222,0.99
0.766666667,1
0.788888889,1
0.85,0.99
1.972222222,0.93
2.044444444,0.93
2.127777778,0.99
2.138888889,1
2.161111111,1
2.233333333,0.93
2.177777778,0.92
2.177777778,0.92
2.105555556,0.93
1.161111111,1
1.672222222,0.96
0.95,1
1.116666667,0.96
0.533333333,0.96
0.377777778,0.96
-0.483333333,1
-0.483333333,0.96
-0.922222222,1
-1.038888889,1
-1.088888889,1
-0.994444444,1
-1.088888889,0.93
-1.088888889,1
-1.077777778,1
-1.061111111,1
0.072222222,0.92
0.038888889,0.93
0.044444444,1
0.094444444,1
0.138888889,1
0.072222222,1
0.05,1
0.122222222,1
0.05,1
0,0.96
0.05,0.96
-0.022222222,1
-0.072222222,1
-0.894444444,0.97
0.438888889,0.96
0.411111111,0.96
-0.094444444,0.97
-0.138888889,1
-1.111111111,1
-1.033333333,1
-1.111111111,1
-1.111111111,1
-0.161111111,0.94
-0.022222222,1
-0.022222222,1
0.961111111,0.93
1.066666667,0.92
0.05,1
0.983333333,0.93
0.05,1
0,0.93
-0.838888889,1
-1.016666667,1
-1.088888889,1
-0.972222222,0.97
-1.088888889,1
-1.088888889,0.96
-1.566666667,1
-1.6,0.96
-1.6,0.96
-1.161111111,0.96
-1.111111111,0.93
-1.133333333,0.93
-2.122222222,1
-2.15,1
-2.2,1
-1.188888889,0.99
-1.111111111,1
-1.111111111,1
-0.133333333,0.93
-0.072222222,1
-0.022222222,1
-0.138888889,1
-0.072222222,0.93
-0.094444444,0.93
-1.111111111,1
-1.133333333,1
-1.133333333,1
-1.25,0.97
-1.688888889,0.96
-1.183333333,0.96
-1.744444444,0.99
-1.711111111,1
-1.205555556,0.96
-1.866666667,1
-1.205555556,0.93
-2.244444444,1
-2.238888889,0.99
-2.244444444,1
-2.244444444,1
-1.322222222,0.93
-1.155555556,0.93
-1.133333333,1
-0.25,0.93
-0.094444444,0.93
-0.094444444,0.93
-1,0.99
-1.111111111,1
-1.161111111,1
-1.061111111,1
-1.161111111,1
-1.111111111,0.96
-1.161111111,0.97
-1.111111111,0.96
-1.622222222,1
0.633333333,0.96
-1.644444444,1
-1.644444444,1
-1.766666667,1
-2.2,1
-2.15,1
-2.161111111,1
-2.15,1
-2.15,1
-0.211111111,0.93
0,0.93
0.022222222,0.93
0.15,0.99
0.022222222,1
0.022222222,1
0.255555556,0.99
0.072222222,1
0.072222222,1
0.188888889,0.99
1.111111111,0.93
0.6,0.96
0.677777778,0.99
0.6,1
1.111111111,0.96
2.5,0.87
1.183333333,0.96
1.133333333,0.96
1.127777778,0.96
1.133333333,0.96
1.133333333,1
1.161111111,0.99
1.133333333,0.93
1.133333333,0.93
1.272222222,0.93
2.244444444,0.93
2.244444444,0.93
2.288888889,0.99
2.266666667,0.92
2.266666667,0.93
1.805555556,0.96
2.244444444,0.92
2.222222222,0.92
2.627777778,0.91
2.755555556,0.9
2.805555556,0.89
3.233333333,0.84
3.288888889,0.83
3.288888889,0.82
1.816666667,0.89
2.777777778,0.85
2.777777778,0.82
2.777777778,0.83
2.777777778,0.82
2.777777778,0.82
2.288888889,0.84
2.244444444,0.85
2.294444444,0.91
2.144444444,0.92
2.222222222,0.92
2.2,0.92
2.111111111,0.93
2.222222222,0.92
2.222222222,0.92
1.288888889,1
2.222222222,0.92
2.222222222,0.92
2.305555556,0.92
2.222222222,0.92
2.222222222,0.89
2.177777778,0.9
1.688888889,0.89
6.111111111,0.96
-0.288888889,0.96
6.111111111,0.95
6.161111111,0.92
6.072222222,0.93
6.038888889,0.93
6.038888889,0.93
5.972222222,0.93
6.061111111,0.93
7.005555556,0.86
7.616666667,0.83
8.772222222,0.67
8.772222222,0.71
8.811111111,0.66
8.794444444,0.66
7.777777778,0.76
5.461111111,0.8
5.183333333,0.85
3.083333333,0.89
2.616666667,0.91
2.316666667,0.92
1.716666667,0.96
1.066666667,0.95
-0.488888889,0.96
1.688888889,0.88
-0.127777778,0.92
1.622222222,0.85
1.6,0.82
0.927777778,0.83
0.922222222,0.79
0.922222222,0.79
0.822222222,0.76
0.9,0.76
1.016666667,0.76
1.116666667,0.75
1.205555556,0.75
2.872222222,0.7
3.744444444,0.64
3.888888889,0.64
2.8,0.67
0.472222222,0.79
0.05,0.82
-1.061111111,0.88
-1.9,0.95
-1.038888889,0.88
-1.038888889,0.92
-1.3,0.95
-0.9,0.92
-0.438888889,0.92
1.005555556,0.92
-0.394444444,0.92
-0.372222222,0.92
-0.311111111,0.95
-1.95,0.99
-2,0.99
-1.011111111,0.93
0.044444444,0.92
0.094444444,0.92
0.955555556,0.87
2.244444444,0.85
2.838888889,0.76
3.705555556,0.72
3.883333333,0.71
2.844444444,0.82
1.355555556,0.84
1.183333333,0.85
1.205555556,0.85
1.072222222,0.86
1.161111111,0.85
0.65,0.92
1.055555556,0.9
1.138888889,0.92
0.627777778,0.92
0.683333333,0.92
0.627777778,0.92
1.138888889,0.92
1.083333333,0.92
1.161111111,0.92
1.161111111,0.92
1.083333333,0.96
1.138888889,0.99
2.2,0.92
2.711111111,0.89
3.938888889,0.82
3.961111111,0.88
3.961111111,0.82
5.05,0.76
4.005555556,0.81
2.544444444,0.85
0.255555556,0.91
0.122222222,0.92
-0.666666667,0.92
-0.966666667,0.96
-0.527777778,0.96
-0.294444444,0.96
-1.011111111,0.9
-1.272222222,0.92
-1.777777778,0.99
-2.233333333,0.99
-2.966666667,0.94
-1.661111111,0.95
-3.322222222,0.99
-2.65,0.92
-2.583333333,0.96
-2.333333333,0.94
-0.694444444,0.94
0.227777778,0.89
2.222222222,0.92
2.777777778,0.91
2.65,0.82
2.511111111,0.89
2.511111111,0.86
1.788888889,0.91
2.25,0.89
2.25,0.89
1.688888889,0.92
1.694444444,0.94
1.694444444,0.94
1.15,0.92
1.694444444,0.94
1.694444444,0.94
1.15,0.92
1.694444444,0.94
1.694444444,0.94
1.15,0.93
1.427777778,0.94
1.427777778,0.94
1.133333333,0.96
1.716666667,0.94
1.983333333,0.92
1.75,0.96
2.827777778,0.89
3.094444444,0.87
2.722222222,0.92
3.094444444,0.87
3.094444444,0.87
2.766666667,0.89
2.827777778,0.84
2.25,0.9
2.194444444,0.9
2.25,0.87
2.25,0.87
1.705555556,0.92
2.25,0.85
2.25,0.82
1.938888889,0.9
1.955555556,0.85
1.694444444,0.91
1.15,0.9
1.694444444,0.98
1.694444444,0.98
2.022222222,0.87
1.983333333,0.98
2.25,0.96
2.127777778,0.96
2.511111111,0.98
3.094444444,0.92
3.811111111,0.86
3.938888889,0.89
3.938888889,0.89
2.816666667,0.92
3.361111111,0.91
3.094444444,0.92
1.733333333,0.96
3.094444444,0.92
3.094444444,0.92
2.727777778,0.92
0.744444444,0.95
0.744444444,0.93
1.933333333,0.95
-0.9,0.94
-0.844444444,0.98
-0.961111111,0.98
-1.638888889,0.96
-1.638888889,0.94
-1.016666667,0.87
-1.111111111,0.92
-0.316666667,0.88
0.977777778,0.76
0.527777778,0.72
2.488888889,0.61
1.794444444,0.47
3.016666667,0.59
2.172222222,0.62
0.577777778,0.57
-1.694444444,0.81
-2.511111111,0.85
-2.322222222,0.8
-4.733333333,0.92
-5,0.92
-4.461111111,0.82
-5.844444444,0.92
-5.844444444,0.92
-5.461111111,0.77
-3.622222222,0.88
-3.305555556,0.86
-5.888888889,0.85
-3.494444444,0.86
-3.761111111,0.88
-7,0.85
-2.966666667,0.84
-2.172222222,0.83
-1.072222222,0.78
1.983333333,0.63
2.777777778,0.67
2.272222222,0.67
3.888888889,0.65
3.066666667,0.74
0.2,0.81
-0.266666667,0.85
-1.638888889,0.9
-2.216666667,0.86
-3.016666667,0.96
-3.016666667,0.94
-3.322222222,0.87
-4.933333333,0.96
-5,0.96
-5.094444444,0.92
-6.116666667,0.96
-6.65,0.96
-5.716666667,0.97
-7.622222222,0.92
-8.594444444,0.92
-7.3,0.96
-5.605555556,0.98
-5.344444444,0.98
-5.716666667,0.96
-5.005555556,0.96
-2.922222222,0.93
-2.755555556,0.99
-2.755555556,1
-2.733333333,1
-2.811111111,1
-2.8,1
-2.777777778,0.92
-2.888888889,0.93
-3.816666667,1
-3.816666667,0.96
-4.277777778,1
-4.305555556,1
-4.305555556,0.96
-3,0.96
-4.305555556,0.96
-4.255555556,0.96
-4.3,0.96
-3.744444444,0.99
-2.727777778,0.92
-2.794444444,1
-2.15,0.99
-1.061111111,0.92
-0.105555556,0.93
1.116666667,0.92
2.177777778,0.92
2.094444444,0.93
2.266666667,0.85
1.25,0.85
0.15,0.86
-1,0.92
-1.116666667,0.92
-1.288888889,0.93
-1.25,0.92
-2.822222222,0.96
-2.716666667,0.96
-3.4,0.96
-2.133333333,1
3.944444444,0.85
-2.2,1
-1.627777778,0.96
-2.155555556,1
-2.127777778,0.96
-2.105555556,1
-2.094444444,1
-2.061111111,1
-0.972222222,0.99
-0.022222222,0.93
1.227777778,1
1.316666667,0.99
2.905555556,0.96
2.933333333,0.99
3.95,0.92
3.166666667,0.98
3.95,0.92
3.927777778,0.92
4.005555556,0.92
5.016666667,0.86
4.505555556,0.89
4.45,0.89
4.505555556,0.89
-3.35,0.96
-4.177777778,0.93
-2.333333333,0.96
-2.361111111,0.96
-2.072222222,0.93
-2.822222222,0.93
-3.861111111,0.93
-4.044444444,0.93
-3.838888889,0.92
-2.288888889,0.89
-1.366666667,0.9
-0.988888889,0.88
0.122222222,0.85
1.377777778,0.84
2.277777778,0.79
2.25,0.79
0.655555556,0.82
-0.533333333,0.89
-1.1,0.91
-1.655555556,0.92
-2.255555556,0.92
-2.777777778,0.92
-3.272222222,0.92
-3.377777778,0.93
-3.355555556,0.88
-2.638888889,0.96
-4.488888889,0.92
-5.072222222,0.93
-5.477777778,0.96
-5.05,0.93
-4.983333333,0.92
-4.888888889,0.93
-3.888888889,0.93
-2.777777778,0.86
-2.222222222,0.89
-1.161111111,0.89
-0.05,0.86
0.238888889,0.91
2.172222222,0.85
1.177777778,0.92
0.327777778,0.91
0,0.92
-2.061111111,0.99
-0.827777778,0.92
-2.011111111,0.99
-1.5,0.96
-0.95,0.96
-0.672222222,0.93
4.555555556,0.85
6.272222222,0.94
5.066666667,0.82
5.622222222,0.82
5.688888889,0.8
5.155555556,0.86
5.116666667,0.86
6.166666667,0.8
6.183333333,0.79
7.222222222,0.79
7.894444444,0.82
8.005555556,0.82
10.06666667,0.77
11.97222222,0.72
12.17222222,0.72
11.05555556,0.8
10.78888889,0.81
10.91666667,0.8
9.805555556,0.83
8.711111111,0.89
8.6,0.88
8.6,0.85
8.311111111,0.88
7.633333333,0.92
7.122222222,0.92
5.661111111,0.96
7.122222222,0.96
7.122222222,0.96
6.766666667,0.96
6.061111111,1
7.15,0.93
6.994444444,0.96
7.127777778,1
7.705555556,0.96
7.888888889,0.95
7.755555556,0.95
8.861111111,0.93
9.988888889,0.86
10.02222222,0.86
8.955555556,0.93
8.022222222,0.95
7.822222222,0.96
7.755555556,0.96
7.25,0.99
7.127777778,0.93
6.594444444,0.96
6.061111111,0.95
5.466666667,0.96
4.883333333,1
5.783333333,0.91
4.861111111,0.98
4.888888889,0.98
4.827777778,1
5.911111111,0.93
4.822222222,1
4.861111111,1
4.933333333,1
7.105555556,0.93
8.727777778,0.9
11.06666667,0.77
12.73333333,0.72
13.5,0.7
13.93333333,0.69
12.86666667,0.76
11.34444444,0.79
9.994444444,0.86
9.95,0.83
8.888888889,0.89
7.805555556,0.89
8.244444444,0.84
7.566666667,0.85
6.644444444,0.87
6.577777778,0.87
4.755555556,0.92
4.588888889,0.92
5.027777778,0.93
5.222222222,0.9
4.861111111,0.93
5.833333333,0.87
4.711111111,0.94
4.822222222,0.93
5.955555556,0.87
8.477777778,0.82
11.06666667,0.77
12.75555556,0.69
12.97222222,0.7
12.88888889,0.72
12.35555556,0.74
11.32222222,0.77
9.027777778,0.83
7.366666667,0.93
6.5,0.93
6.183333333,0.93
7.15,0.89
5.655555556,0.93
5.111111111,0.93
5.088888889,0.93
6.422222222,0.87
4.444444444,0.92
3.955555556,0.92
3.055555556,0.96
2.911111111,0.96
3.883333333,0.92
3.966666667,0.93
4.972222222,0.93
7.172222222,0.86
9.9,0.78
12.19444444,0.74
13.93333333,0.67
15.21111111,0.65
15.11111111,0.66
13,0.72
12.35,0.78
12.67777778,0.77
12.06111111,0.75
11.97222222,0.76
10.02222222,0.78
10.05,0.77
8.4,0.84
7.777777778,0.86
7.244444444,0.86
8.194444444,0.89
6.638888889,0.86
6.638888889,0.86
6.627777778,0.87
6.15,0.86
6.127777778,0.86
6.055555556,0.86
7.083333333,0.8
8.861111111,0.78
10.95,0.71
12.33333333,0.66
13.95555556,0.59
14.19444444,0.57
14.08888889,0.58
12.93333333,0.64
11.45555556,0.69
11.2,0.71
11.10555556,0.67
10.02777778,0.72
10.06666667,0.71
9.027777778,0.74
8.955555556,0.75
9,0.8
-2.144444444,0.86
-2.466666667,0.89
-2.744444444,0.89
-2.188888889,0.88
-2.038888889,0.87
-2.672222222,0.88
-2.605555556,0.88
-2.433333333,0.89
-2.472222222,0.88
-2.405555556,0.88
-2.233333333,0.89
-2.261111111,0.88
-1.172222222,0.81
-1.072222222,0.82
-0.033333333,0.76
-0.033333333,0.76
-1.022222222,0.82
-2.311111111,0.88
-2.311111111,0.88
-1.377777778,0.89
-2.383333333,0.88
-1.922222222,0.88
-1.9,0.89
-2.383333333,0.88
-2.783333333,0.96
-1.277777778,0.96
-2.805555556,0.96
-2.733333333,0.96
-2.761111111,0.96
-2.711111111,1
-2.2,0.96
-2.766666667,0.99
-2.688888889,1
-2.527777778,0.99
-2.011111111,0.99
-0.883333333,0.92
-0.911111111,0.99
-0.394444444,0.98
0.222222222,0.91
0.244444444,0.99
0.483333333,0.97
0.177777778,0.99
0.044444444,0.92
-0.077777778,0.93
-1.088888889,1
-1.038888889,0.96
-1.544444444,0.99
-1.5,1
-1.5,1
-4.25,0.93
-0.994444444,0.96
-1.594444444,0.96
-1.805555556,0.98
-2.15,0.96
-2.127777778,0.96
-2.411111111,1
-1.038888889,0.99
-0.05,0.92
0.027777778,0.99
0.022222222,0.99
0.022222222,0.99
0.238888889,0.92
0.116666667,0.85
1.138888889,0.78
0.988888889,0.79
-0.972222222,0.88
-1.016666667,0.88
-1.133333333,0.91
-2.127777778,0.95
-2.222222222,0.92
-3.227777778,0.91
-3.288888889,0.88
-4.261111111,0.91
-3.394444444,0.8
-4.35,0.92
-3.794444444,0.92
-4.661111111,0.91
-3.816666667,0.92
-3.816666667,0.92
-2.922222222,0.86
-2.822222222,0.85
-2.2,0.88
-0.094444444,0.82
0.116666667,0.81
1.183333333,0.75
1.255555556,0.74
2.266666667,0.69
1.227777778,0.69
1.216666667,0.69
1.061111111,0.7
-0.05,0.82
-0.155555556,0.83
-1.138888889,0.87
-0.627777778,0.8
-1.105555556,0.8
-1.694444444,0.78
-2.783333333,0.78
-3.655555556,0.87
-3.733333333,0.81
-4.238888889,0.84
-3.755555556,0.84
-4.822222222,0.92
-3.822222222,0.84
-4.966666667,0.85
-2.783333333,0.85
-2.2,0.81
-1.655555556,0.78
-1.038888889,0.75
0.116666667,0.69
1.077777778,0.64
1.138888889,0.64
1.138888889,0.59
0.255555556,0.62
-0.994444444,0.74
-2.155555556,0.8
-2.816666667,0.84
-2.827777778,0.85
-3.75,0.91
-4.283333333,0.91
-4.705555556,0.91
-3.711111111,0.88
-2.4,0.95
-3.733333333,0.91
-2.688888889,0.92
-2.266666667,0.88
-2.711111111,0.91
-3.75,0.92
-3.561111111,0.92
-2.177777778,0.95
-1.088888889,0.88
0.1,0.82
0.994444444,0.76
1.088888889,0.75
1.972222222,0.7
1.155555556,0.69
1.083333333,0.75
0.244444444,0.8
-0.027777778,0.82
-0.116666667,0.82
-0.072222222,0.85
-1.205555556,0.92
-1.227777778,0.92
-1.616666667,0.95
-1.761111111,0.92
-2.244444444,0.92
-0.894444444,0.96
-2.805555556,0.96
-2.85,0.96
-3.322222222,0.96
-3.822222222,0.92
-4.861111111,0.92
-4.888888889,0.93
-4.866666667,0.92
-3.827777778,0.92
-2.805555556,0.93
-2.694444444,0.99
-2.066666667,0.99
-0.911111111,0.92
-0.866666667,0.98
-0.866666667,0.98
0.244444444,0.9
-0.955555556,0.99
-0.005555556,0.92
0.011111111,0.86
-0.005555556,0.85
-0.027777778,0.85
0.1,0.85
0.511111111,0.79
0.022222222,0.86
3.111111111,0.95
-0.488888889,0.96
0.044444444,0.96
0.127777778,0.96
1.111111111,0.93
1.111111111,0.92
1.077777778,0.93
1.183333333,0.92
1.183333333,0.92
1.305555556,0.93
1.266666667,0.99
2.355555556,0.92
2.45,0.99
2.422222222,0.99
2.4,1
3.033333333,0.95
2.933333333,0.96
2.866666667,0.96
2.95,0.96
2.894444444,0.96
2.894444444,0.92
3.405555556,0.93
3.366666667,0.96
2.861111111,0.96
0.916666667,0.96
3.255555556,1
3.722222222,0.96
3.633333333,0.96
3.233333333,0.96
2.772222222,0.96
3.822222222,0.93
3.811111111,1
4.927777778,1
6.15,0.93
5.988888889,0.93
7.105555556,0.93
7.355555556,0.91
7.211111111,0.93
7.611111111,0.89
5.35,0.85
4.022222222,0.89
2.405555556,0.92
1.422222222,0.92
1.255555556,0.92
0.811111111,0.96
1.444444444,0.95
0.761111111,0.96
0.666666667,0.96
2.322222222,0.84
0.6,0.96
1.177777778,0.96
2.416666667,0.9
2.216666667,0.93
2.194444444,0.93
1.338888889,0.98
2.755555556,0.96
4.955555556,0.86
7.383333333,0.83
8.838888889,0.83
10.02222222,0.82
11.02222222,0.66
12.19444444,0.66
12.26111111,0.61
11.23333333,0.65
7.955555556,0.75
7.283333333,0.85
7.211111111,0.8
7.15,0.74
6.016666667,0.77
5.388888889,0.75
4.833333333,0.74
2.683333333,0.83
3.827777778,0.85
1.761111111,0.85
1.805555556,0.85
3.072222222,0.82
4.05,0.77
5.116666667,0.82
4.283333333,0.88
5.116666667,0.82
7.777777778,0.76
9.894444444,0.71
12.17222222,0.61
13.86111111,0.55
13.88333333,0.44
13.00555556,0.58
14.02777778,0.63
12.74444444,0.62
10.13333333,0.7
7.861111111,0.76
7.555555556,0.78
6.038888889,0.79
6.644444444,0.76
7.6,0.76
7.127777778,0.76
-2.383333333,0.88
-4.466666667,0.88
-2.916666667,0.92
-2.894444444,0.92
-2.877777778,0.93
-2.916666667,0.92
-2.938888889,0.93
-2.888888889,0.92
-2.938888889,0.92
-2.894444444,0.92
-2.938888889,0.93
-2.894444444,0.92
-2.872222222,0.92
-2.8,0.92
-2.844444444,0.92
-3.838888889,0.92
-3.75,0.92
-3.838888889,0.85
-3.888888889,0.92
-3.855555556,0.92
-3.888888889,0.92
-4.4,0.92
-4.422222222,0.9
-4.35,0.88
4.561111111,0.82
5.733333333,0.86
3.383333333,0.88
3.311111111,0.85
2.866666667,0.88
2.361111111,0.84
2.827777778,0.88
2.872222222,0.89
3.888888889,0.88
6.083333333,0.79
8.883333333,0.71
12.24444444,0.61
12.87222222,0.63
13.83333333,0.58
13.98333333,0.63
14.04444444,0.63
14.08333333,0.63
12.19444444,0.72
9.972222222,0.83
9.094444444,0.82
8.905555556,0.78
8.883333333,0.74
8.266666667,0.77
7.316666667,0.83
5.622222222,0.89
5.527777778,0.94
6.544444444,0.83
5.961111111,0.86
4.377777778,0.9
3.838888889,0.92
3.927777778,0.89
4.005555556,0.9
4.883333333,0.87
6.016666667,0.87
7.15,0.87
8.955555556,0.83
9.072222222,0.82
10.13888889,0.81
11.25,0.76
10.18333333,0.84
10.08333333,0.82
8.955555556,0.88
7.727777778,0.96
7.777777778,0.96
6.205555556,1
6.666666667,0.96
6.705555556,0.96
6.083333333,1
6.061111111,0.93
2.344444444,0.85
4.994444444,0.96
4.972222222,0.96
4.544444444,0.99
5.022222222,0.93
4.95,0.93
4.083333333,0.99
4.927777778,0.99
5.972222222,0.93
7.027777778,0.88
7.644444444,0.83
7.622222222,0.76
7.711111111,0.72
7.666666667,0.71
7.177777778,0.71
6.283333333,0.76
6.038888889,0.76
4.905555556,0.82
4.072222222,0.82
2.777777778,0.82
2.755555556,0.85
1.544444444,0.88
0.644444444,0.85
0.644444444,0.85
1.244444444,0.9
1.088888889,0.85
0.555555556,0.85
-0.022222222,0.86
-0.044444444,0.86
-0.072222222,0.86
-0.1,0.87
0.027777778,0.86
2.2,0.79
2.933333333,0.8
3.938888889,0.81
4.005555556,0.81
4.366666667,0.78
4.072222222,0.81
4.027777778,0.81
3.361111111,0.86
2.955555556,0.88
2.844444444,0.89
2.766666667,0.89
2.266666667,0.85
1.25,0.91
1.25,0.92
1.105555556,0.92
1.105555556,0.92
2.561111111,0.92
1.133333333,0.89
1.155555556,0.88
1.694444444,0.86
2.194444444,0.79
1.155555556,0.85
2.205555556,0.81
2.222222222,0.84
2.266666667,0.84
2.883333333,0.89
2.85,0.88
3.894444444,0.88
4.911111111,0.87
4.983333333,0.85
5.005555556,0.92
5.916666667,0.87
5.972222222,0.86
4.955555556,0.92
4.955555556,0.93
3.816666667,0.92
3.816666667,0.92
3.466666667,0.92
3.261111111,0.92
3.261111111,0.91
1.066666667,0.96
2.15,0.92
2.15,0.92
2.261111111,0.92
1.644444444,0.95
2.15,0.91
2.094444444,0.92
2.105555556,0.92
1.111111111,0.99
1.222222222,0.98
2.15,0.92
2.15,0.92
2.227777778,0.92
2.172222222,0.92
2.733333333,0.89
2.288888889,0.92
2.15,0.93
2.127777778,0.92
2.077777778,0.93
1.088888889,0.93
1.088888889,0.96
0.655555556,0.96
0.577777778,0.96
0.577777778,0.96
-1.683333333,0.86
0.05,0.99
0.555555556,0.96
0.622222222,0.95
1.066666667,0.89
1.066666667,0.86
1.027777778,0.93
1.066666667,0.92
1.088888889,0.92
1.144444444,0.93
1.133333333,0.92
2.15,0.92
2.672222222,0.89
2.15,0.86
2.155555556,0.92
2.138888889,0.86
1.016666667,0.92
-0.022222222,0.92
0.005555556,0.93
-0.094444444,0.86
-0.65,0.92
-1.061111111,0.92
-1.738888889,0.88
-1.738888889,0.85
-3.527777778,0.85
-2.294444444,0.85
-2.755555556,0.88
-2.727777778,0.79
-2.85,0.72
-3.916666667,0.78
-3.772222222,0.78
-2.827777778,0.72
-2.244444444,0.7
-2.122222222,0.74
-1.138888889,0.69
-0.072222222,0.63
0.111111111,0.67
0,0.63
0.05,0.69
0.072222222,0.67
-0.05,0.69
-1.161111111,0.69
-2.127777778,0.79
-2.3,0.81
-2.827777778,0.78
-3.355555556,0.83
-3.988888889,0.92
-4.038888889,0.92
-3.75,0.89
-4.038888889,0.85
-4.038888889,0.85
-4.016666667,0.89
-4.066666667,0.84
-4.066666667,0.84
-4.077777778,0.81
-3.961111111,0.79
-2.922222222,0.72
-2.327777778,0.62
-2.3,0.56
-2.227777778,0.61
-2.622222222,0.68
-2.711111111,0.7
-2.733333333,0.7
-2.777777778,0.72
-2.8,0.71
-3.838888889,0.84
-3.816666667,0.91
-3.861111111,0.91
-4.372222222,0.91
-4.833333333,0.92
-4.905555556,0.91
-4.861111111,0.92
-3.5,0.8
-4.861111111,0.88
-4.35,0.84
-4.361111111,0.86
-4.883333333,0.84
-3.911111111,0.79
-4.022222222,0.81
-3.861111111,0.79
-3.861111111,0.79
-3.927777778,0.85
-2.822222222,0.72
-2.822222222,0.79
-2.405555556,0.77
-2.244444444,0.76
-2.244444444,0.7
-2.788888889,0.73
-2.8,0.78
-2.8,0.78
-2.85,0.73
-2.822222222,0.78
-3.333333333,0.78
-3.388888889,0.82
-3.4,0.79
-3.4,0.81
-4.855555556,0.91
-3.911111111,0.84
-3.911111111,0.81
-4.377777778,0.87
-4.422222222,0.84
-3.933333333,0.84
-3.972222222,0.8
-3.933333333,0.78
-3.955555556,0.79
-3.922222222,0.8
-3.883333333,0.78
-3.838888889,0.78
-3.811111111,0.79
-3.816666667,0.78
-3.816666667,0.78
-2.922222222,0.73
-2.8,0.72
-2.822222222,0.78
-2.944444444,0.79
-2.844444444,0.79
-3.355555556,0.81
-3.461111111,0.82
-3.888888889,0.88
-3.888888889,0.92
-8.477777778,0.82
-5.466666667,0.92
-6.533333333,0.92
-7.7,0.93
-6.022222222,0.92
-6.122222222,0.92
-6.105555556,0.92
-6.072222222,1
-5.005555556,0.64
-4.722222222,0.6
-3.772222222,0.53
-2.666666667,0.48
-2.116666667,0.45
-2.133333333,0.41
-2.161111111,0.41
-2.683333333,0.48
-5.011111111,0.58
-6.072222222,0.63
-6.116666667,0.63
-7.105555556,0.68
-7.222222222,0.68
-7.805555556,0.71
-8.772222222,0.73
-8.772222222,0.76
-10.30555556,0.8
-9.444444444,0.77
-9.444444444,0.8
-9.572222222,0.8
-9.861111111,0.8
-9.833333333,0.8
-9.883333333,0.81
-8.75,0.77
-7.083333333,0.67
-5.05,0.62
-3.888888889,0.52
-2.777777778,0.48
-2.277777778,0.46
-2.222222222,0.46
-2.755555556,0.48
-2.744444444,0.45
-5.077777778,0.57
-6.066666667,0.62
-6.983333333,0.65
-7.316666667,0.68
-7.938888889,0.71
-8.577777778,0.74
-9.538888889,0.77
-11.08333333,0.8
-5.577777778,0.9
-10.80555556,0.81
-11.82222222,0.81
-11.85555556,0.83
-13.41666667,0.87
-13.92777778,0.83
-12.88888889,0.85
-10.17222222,0.81
-7.261111111,0.8
-5.044444444,0.68
-2.8,0.53
-2.2,0.46
-1.2,0.42
-1.088888889,0.42
-1.133333333,0.42
-2.072222222,0.44
-2.2,0.47
-2.733333333,0.54
-2.772222222,0.54
-2.755555556,0.54
-2.755555556,0.56
-2.788888889,0.57
-2.755555556,0.56
-4.333333333,0.83
-2,0.84
-4.355555556,0.91
-4.327777778,0.91
-4.277777778,0.91
-3.794444444,0.91
-2.777777778,0.92
-2.9,0.93
-2.733333333,0.92
-2.155555556,0.96
-2.116666667,0.95
0.044444444,0.85
0,0.85
-0.866666667,0.91
-0.994444444,0.92
0.094444444,0.91
0.094444444,0.91
0.094444444,0.92
0.072222222,0.92
-0.905555556,0.98
-1.038888889,0.92
-1.55,0.92
-1.466666667,0.86
-1.527777778,0.82
-1.577777778,0.82
-2.961111111,0.95
-2.083333333,0.88
-1.577777778,0.96
-1.05,0.96
-1.116666667,0.92
-2.133333333,1
-1.872222222,0.99
-2.133333333,1
-1.644444444,0.96
-1.355555556,0.94
-0.994444444,0.92
0.05,0.85
0.227777778,0.87
2.266666667,0.79
1.244444444,0.85
0.377777778,0.91
-0.933333333,0.92
-1.022222222,0.92
-1.183333333,0.93
-2.177777778,1
-1.694444444,0.96
-1.916666667,0.96
-2.783333333,0.96
0.577777778,0.89
1.161111111,0.85
1.666666667,0.82
1.711111111,0.82
1.183333333,0.86
1.205555556,0.85
2.222222222,0.79
2.072222222,0.81
2.2,0.8
2.733333333,0.82
2.788888889,0.83
3.822222222,0.82
4.911111111,0.77
6.205555556,0.76
7.438888889,0.72
6.95,0.74
5.972222222,0.81
5.905555556,0.8
4.955555556,0.86
5.472222222,0.83
5.972222222,0.8
4.933333333,0.86
5.472222222,0.87
5.422222222,0.86
-1.205555556,0.85
-2.872222222,0.9
-1.155555556,0.85
-1.155555556,0.85
-1.577777778,0.87
-1.155555556,0.88
-1.177777778,0.88
-1.211111111,0.89
-1.177777778,0.88
-1.105555556,0.88
0.016666667,0.83
1.188888889,0.74
2.25,0.69
2.761111111,0.62
2.927777778,0.6
2.877777778,0.61
1.338888889,0.68
0.05,0.81
-1.038888889,0.8
-1.288888889,0.82
-1.5,0.85
-1.75,0.88
-2.322222222,0.9
-2.816666667,0.92
-2.888888889,0.92
-1.45,0.95
-4,0.92
-4.505555556,0.95
-4.761111111,0.96
-3.938888889,0.92
-2.916666667,0.92
-2.905555556,0.92
-2.494444444,0.96
-2.377777778,0.96
-1.077777778,0.89
-1.016666667,0.91
0.138888889,0.81
1.066666667,0.8
1.205555556,0.78
1.205555556,0.78
0.161111111,0.85
-0.461111111,0.88
-0.022222222,0.85
-0.066666667,0.87
-1.038888889,0.92
-0.555555556,0.92
-0.972222222,0.93
-1.061111111,0.96
-1.572222222,0.96
-0.555555556,0.92
-1.572222222,0.96
-1.061111111,0.92
-0.988888889,0.92
-1.111111111,0.88
-1.061111111,0.88
-1.088888889,0.89
-1.061111111,0.88
-1.038888889,0.92
0.038888889,0.86
0.072222222,0.85
0.138888889,0.85
1.172222222,0.84
1.183333333,0.78
1.183333333,0.78
0.188888889,0.84
-0.094444444,0.92
-0.072222222,0.86
-0.038888889,0.86
-0.094444444,0.92
-0.577777778,0.92
-0.611111111,0.93
-0.577777778,0.92
-0.577777778,0.92
-0.677777778,0.96
-0.577777778,0.92
-0.577777778,0.92
-1.038888889,0.96
-1.083333333,0.92
-1.083333333,0.92
-1.055555556,0.92
-1.105555556,0.92
-1.083333333,0.99
-0.816666667,0.97
0.05,0.91
0.072222222,0.91
0.25,0.88
0.094444444,0.91
0.094444444,0.91
0.138888889,0.89
0.05,0.92
0.05,0.92
0.022222222,0.92
-0.022222222,0.92
-0.022222222,0.92
-0.061111111,0.92
-0.072222222,0.92
-0.116666667,0.92
-3.605555556,0.92
-0.65,0.96
-0.65,0.92
-0.605555556,0.93
-0.65,0.96
-0.65,0.92
-0.172222222,0.87
-0.144444444,0.86
-0.166666667,0.86
-0.15,0.87
-0.138888889,0.86
-0.094444444,0.85
-0.088888889,0.86
-0.138888889,0.83
-0.138888889,0.83
-0.122222222,0.82
-0.138888889,0.83
-1.161111111,0.89
-2.122222222,0.95
-2.155555556,0.89
-2.155555556,0.92
-3.233333333,0.93
-3.772222222,0.96
-4.327777778,0.96
-3.644444444,0.84
-4.838888889,0.96
-5.322222222,0.92
-5.172222222,0.92
-4.833333333,0.92
-3.816666667,0.92
-4.133333333,0.99
-2.822222222,0.92
-2.75,0.92
-2.3,0.89
-2.172222222,0.81
-2.127777778,0.81
-2.011111111,0.8
-2.105555556,0.8
-2.127777778,0.8
-2.122222222,0.8
-2.2,0.81
-2.733333333,0.78
-2.688888889,0.84
-2.755555556,0.78
-2.755555556,0.81
-3.244444444,0.84
-3.288888889,0.85
-3.288888889,0.85
-4.116666667,0.87
-3.288888889,0.81
-3.333333333,0.81
-3.333333333,0.82
-2.827777778,0.78
-3.844444444,0.84
-3.805555556,0.84
-3.794444444,0.83
-3.794444444,0.84
-3.744444444,0.84
-3.772222222,0.84
-2.755555556,0.72
-3.744444444,0.79
-2.755555556,0.71
-3.772222222,0.78
-3.744444444,0.83
-3.794444444,0.78
-3.794444444,0.84
-3.794444444,0.84
-3.794444444,0.84
-3.794444444,0.84
-3.811111111,0.84
-3.816666667,0.84
-4.327777778,0.87
-2.144444444,0.91
-4.327777778,0.88
-4.327777778,0.88
-4.388888889,0.88
-4.905555556,0.92
-4.905555556,0.91
-4.838888889,0.92
-4.905555556,0.91
-3.888888889,0.84
-3.922222222,0.85
-3.816666667,0.84
-3.816666667,0.91
-3.761111111,0.91
-2.777777778,0.85
-3.794444444,0.92
-3.705555556,0.92
-3.822222222,0.92
-3.772222222,0.92
-3.694444444,0.92
-3.772222222,0.92
-3.266666667,0.88
-3.116666667,0.92
-2.733333333,0.88
-2.222222222,0.88
1.227777778,0.87
-0.6,0.92
0.488888889,0.96
1.238888889,0.92
2.177777778,0.85
2.222222222,0.92
2.833333333,0.9
2.316666667,0.92
2.805555556,0.96
3.816666667,0.92
2.827777778,0.99
2.85,0.99
3.855555556,0.92
3.888888889,0.92
2.844444444,0.95
2.905555556,0.95
2.266666667,0.92
2.244444444,0.92
1.755555556,0.91
1.205555556,0.92
0.672222222,0.95
0.666666667,0.92
0.144444444,0.95
0.694444444,0.91
-4.211111111,0.88
2.266666667,0.82
2.222222222,0.82
1.694444444,0.83
1.111111111,0.85
1.061111111,0.78
0.138888889,0.85
-0.05,0.82
-1.111111111,0.81
-0.977777778,0.8
-1.066666667,0.8
-0.972222222,0.8
-0.872222222,0.74
-0.994444444,0.74
-1.016666667,0.74
-0.138888889,0.69
-1.111111111,0.69
-2.222222222,0.75
-2.644444444,0.77
-2.827777778,0.78
-3.866666667,0.81
-3.772222222,0.81
-4.933333333,0.84
5.422222222,0.86
2.35,0.91
